first name,last name,email,role,organisation,grade,profession
Morganne,Tute,mtute0@theatlantic.com,Training,Skidoo,3,Senior Sales Associate
Jodie,Bussy,jbussy1@blog.com,Engineering,Pixonyx,2,Nurse
Timi,Camp,tcamp2@twitpic.com,Services,Brightbean,1,Assistant Media Planner
Rita,Backshell,rbackshell3@xrea.com,Human Resources,Dynabox,2,GIS Technical Architect
Arnoldo,Mozzi,amozzi4@storify.com,Support,Twimbo,1,Mechanical Systems Engineer
Fredric,Pain,fpain5@scribd.com,Research and Development,Jayo,2,Analog Circuit Design manager
Henryetta,Dulany,hdulany6@tuttocitta.it,Training,Topicblab,1,Help Desk Technician
Gregor,Wiggin,gwiggin7@businesswire.com,Sales,Skimia,3,Cost Accountant
Care,Sargison,csargison8@psu.edu,Engineering,Vitz,3,Technical Writer
Raimund,Haburne,rhaburne9@yahoo.co.jp,Business Development,Realfire,1,Occupational Therapist
Eduardo,Coie,ecoiea@themeforest.net,Research and Development,Oyoloo,1,Software Engineer II
Hallsy,Luis,hluisb@pagesperso-orange.fr,Engineering,Latz,1,Actuary
Archie,Staig,astaigc@ehow.com,Engineering,Browsecat,3,Structural Analysis Engineer
Catharine,Kesterton,ckestertond@nydailynews.com,Marketing,BlogXS,2,Account Coordinator
Josee,Martinovic,jmartinovice@google.com.br,Engineering,Feedfish,2,Professor
Magda,Schukert,mschukertf@washingtonpost.com,Legal,Feedbug,2,Recruiter
Rourke,Cuer,rcuerg@apache.org,Services,Jabberstorm,1,Health Coach IV
Joycelin,Braddick,jbraddickh@globo.com,Training,Youspan,2,Food Chemist
Augustus,Lidgley,alidgleyi@moonfruit.com,Training,Jabbercube,2,Chief Design Engineer
Olenka,Bodker,obodkerj@sohu.com,Sales,Livetube,2,Paralegal
Gunilla,Keasey,gkeaseyk@bizjournals.com,Legal,Ozu,2,Financial Advisor
Tuck,Knight,tknightl@icio.us,Training,Yozio,2,Paralegal
Marty,Gurnell,mgurnellm@dmoz.org,Sales,Photofeed,2,Nurse
Haleigh,Macilhench,hmacilhenchn@purevolume.com,Accounting,Skyba,2,Compensation Analyst
Anna-diane,Mucklow,amucklowo@technorati.com,Training,Jabberstorm,2,Structural Engineer
Sarene,Hartman,shartmanp@dagondesign.com,Business Development,Gabvine,2,Senior Sales Associate
Mela,Howton,mhowtonq@wiley.com,Product Management,Vimbo,1,Business Systems Development Analyst
Berte,MacNeill,bmacneillr@unblog.fr,Accounting,Twitterlist,3,Financial Advisor
Bibby,Fairey,bfaireys@unblog.fr,Product Management,Mydeo,3,Structural Engineer
Patricio,Cornels,pcornelst@tripod.com,Legal,Rhycero,1,Sales Representative
Valaree,Simeoni,vsimeoniu@a8.net,Training,Buzzbean,2,Environmental Specialist
Adele,Mallam,amallamv@whitehouse.gov,Product Management,Yacero,2,Occupational Therapist
Wat,Allitt,wallittw@discovery.com,Business Development,Devify,1,Senior Developer
Andrei,MacNess,amacnessx@zimbio.com,Accounting,Teklist,3,Mechanical Systems Engineer
Eleonore,Bartoszewicz,ebartoszewiczy@moonfruit.com,Engineering,Fadeo,3,Community Outreach Specialist
Rozanne,Picken,rpickenz@dion.ne.jp,Human Resources,Ooba,1,General Manager
Alethea,Ossenna,aossenna10@ucla.edu,Business Development,Jaloo,1,VP Marketing
Riannon,Cavendish,rcavendish11@wikispaces.com,Training,Chatterbridge,1,Civil Engineer
Jessey,Radoux,jradoux12@hugedomains.com,Product Management,Mydeo,1,Environmental Specialist
Dallas,Linstead,dlinstead13@goo.gl,Marketing,Jaxbean,1,Human Resources Assistant II
Julissa,Sopp,jsopp14@mapy.cz,Product Management,Jaloo,1,Senior Developer
Rod,Goade,rgoade15@google.ru,Support,Tekfly,1,VP Marketing
Meghan,McConnel,mmcconnel16@merriam-webster.com,Sales,Quatz,3,Project Manager
Anastasie,Leggatt,aleggatt17@amazon.com,Human Resources,Realmix,2,Accounting Assistant III
Cooper,Gallienne,cgallienne18@comcast.net,Business Development,Minyx,2,Teacher
Ara,Bonds,abonds19@cbc.ca,Accounting,Feedmix,2,Social Worker
Ado,Duggon,aduggon1a@discuz.net,Training,Oyondu,1,Database Administrator III
Loleta,Shillabear,lshillabear1b@cmu.edu,Research and Development,Zoonoodle,2,Engineer II
Kellyann,Elcoate,kelcoate1c@prweb.com,Sales,Twitterwire,3,Geological Engineer
Aili,Yurikov,ayurikov1d@wunderground.com,Services,Twiyo,1,Data Coordinator
Dita,Goldspink,dgoldspink1e@creativecommons.org,Support,Twitterbeat,2,Information Systems Manager
Emily,Penwright,epenwright1f@google.cn,Human Resources,DabZ,1,Civil Engineer
Hatty,Mecco,hmecco1g@marriott.com,Support,Wikibox,1,Actuary
Evan,Clowney,eclowney1h@goo.gl,Services,Photobug,2,Clinical Specialist
Emeline,Hounsom,ehounsom1i@irs.gov,Accounting,Roodel,3,Staff Scientist
Cortie,Beamont,cbeamont1j@bbc.co.uk,Support,Trudoo,2,Pharmacist
Brinn,Charlton,bcharlton1k@tripadvisor.com,Support,Yata,3,Account Representative I
Edd,Ricciardi,ericciardi1l@livejournal.com,Business Development,Oozz,3,Assistant Manager
Matilde,Blackledge,mblackledge1m@qq.com,Marketing,Quaxo,1,Cost Accountant
Arch,Kilner,akilner1n@vk.com,Product Management,Oba,1,Project Manager
Pieter,Cazalet,pcazalet1o@1und1.de,Engineering,Livetube,3,Structural Analysis Engineer
Cesaro,Garrattley,cgarrattley1p@indiatimes.com,Accounting,Meembee,2,Software Engineer III
Alicea,Hayhow,ahayhow1q@ustream.tv,Sales,Eadel,1,VP Quality Control
Marice,Satchel,msatchel1r@businessinsider.com,Human Resources,Fliptune,2,Senior Developer
Lyn,Littefair,llittefair1s@xrea.com,Research and Development,DabZ,3,Web Designer IV
Lindy,Vant,lvant1t@census.gov,Support,Thoughtbridge,3,Staff Accountant I
Horton,Foort,hfoort1u@privacy.gov.au,Human Resources,Brainbox,3,Computer Systems Analyst II
Dani,McElrea,dmcelrea1v@pcworld.com,Legal,Blognation,3,Database Administrator I
Pauline,Gotthard,pgotthard1w@va.gov,Human Resources,Babblestorm,2,Financial Advisor
Waly,Maides,wmaides1x@amazon.com,Marketing,Voolith,2,Financial Analyst
Adorne,Halliburton,ahalliburton1y@topsy.com,Human Resources,Wikibox,1,Cost Accountant
Clarance,Pritchitt,cpritchitt1z@engadget.com,Training,Tagchat,1,Librarian
Lissie,Genn,lgenn20@ebay.com,Marketing,Edgewire,2,Administrative Assistant IV
Harriett,Kohn,hkohn21@webeden.co.uk,Legal,Brainlounge,1,Human Resources Manager
Pen,Saurat,psaurat22@home.pl,Research and Development,Latz,2,Tax Accountant
Engracia,Croxton,ecroxton23@wired.com,Business Development,Gabtype,2,Financial Advisor
Saxon,McCaughan,smccaughan24@php.net,Engineering,Edgeify,1,Administrative Assistant III
Fedora,Tamblingson,ftamblingson25@squarespace.com,Human Resources,Photofeed,3,Chemical Engineer
Leroy,Dilleston,ldilleston26@bravesites.com,Human Resources,Zoonoodle,1,Nuclear Power Engineer
Ashil,Faill,afaill27@hp.com,Training,Dabvine,2,Marketing Manager
Rocky,Stuke,rstuke28@phpbb.com,Sales,Midel,2,Executive Secretary
Arny,Marien,amarien29@arstechnica.com,Engineering,Feedbug,2,Account Representative IV
Hieronymus,Tussaine,htussaine2a@miibeian.gov.cn,Marketing,Yakitri,2,Editor
Kayne,Meiningen,kmeiningen2b@buzzfeed.com,Legal,Photolist,1,Sales Associate
Ewell,Oppie,eoppie2c@qq.com,Product Management,Realfire,1,Assistant Media Planner
Nolana,Simms,nsimms2d@freewebs.com,Research and Development,Plambee,1,Payment Adjustment Coordinator
Godiva,Shmyr,gshmyr2e@abc.net.au,Legal,Plambee,3,Data Coordinator
Thaxter,Ratcliffe,tratcliffe2f@cafepress.com,Marketing,Fadeo,2,VP Quality Control
Arlina,Skellen,askellen2g@alexa.com,Human Resources,Twinte,3,Account Representative I
Annabel,Schott,aschott2h@webs.com,Support,Vinder,2,Software Test Engineer II
Nani,Buddell,nbuddell2i@bigcartel.com,Support,Babbleopia,1,Recruiting Manager
Hayley,Gow,hgow2j@symantec.com,Services,Chatterbridge,2,Human Resources Assistant IV
Katina,Noni,knoni2k@arstechnica.com,Human Resources,Buzzdog,2,Help Desk Technician
Tarah,Heggman,theggman2l@upenn.edu,Services,Twitterwire,2,Computer Systems Analyst III
Gabi,Lecordier,glecordier2m@aol.com,Business Development,Oyondu,3,Assistant Manager
Chilton,Pidcock,cpidcock2n@icq.com,Business Development,Skinix,3,Web Developer I
Delmore,De Goey,ddegoey2o@pen.io,Human Resources,Jabbersphere,3,Director of Sales
Garrard,Viveash,gviveash2p@senate.gov,Services,Fivebridge,2,Financial Analyst
Darcie,Caser,dcaser2q@epa.gov,Support,Skajo,1,Web Designer III
Curr,Sarsons,csarsons2r@shareasale.com,Services,Feedfish,2,Speech Pathologist
Gorden,Culkin,gculkin2s@latimes.com,Sales,Jetwire,1,Environmental Specialist
Karina,Billing,kbilling2t@nydailynews.com,Research and Development,Janyx,1,Senior Editor
Umeko,Jepensen,ujepensen2u@networkadvertising.org,Human Resources,Jayo,2,Information Systems Manager
Mel,Parsall,mparsall2v@unblog.fr,Services,Mymm,2,Mechanical Systems Engineer
Amalie,Czapla,aczapla2w@about.me,Human Resources,Riffwire,3,Nurse
Eli,McGahy,emcgahy2x@g.co,Sales,Meedoo,2,Recruiting Manager
Agnese,Tewelson,atewelson2y@usatoday.com,Marketing,Brightbean,2,Senior Financial Analyst
Mab,Danhel,mdanhel2z@sbwire.com,Sales,Realblab,3,Cost Accountant
Aimil,Goldberg,agoldberg30@dagondesign.com,Services,Shuffledrive,1,Budget/Accounting Analyst III
Dawn,Brockett,dbrockett31@amazon.co.uk,Product Management,Zoombeat,1,Speech Pathologist
Emile,Bumford,ebumford32@theguardian.com,Sales,Twitterlist,2,Speech Pathologist
Inez,Caramuscia,icaramuscia33@state.tx.us,Accounting,Skidoo,3,Assistant Media Planner
Madelaine,Killiner,mkilliner34@parallels.com,Training,Youspan,2,Operator
Deirdre,Baverstock,dbaverstock35@epa.gov,Sales,Cogilith,2,Help Desk Operator
Doralyn,Murname,dmurname36@themeforest.net,Support,Eamia,3,Tax Accountant
Phaidra,Tallon,ptallon37@123-reg.co.uk,Marketing,Realfire,3,Tax Accountant
Kary,Smurfitt,ksmurfitt38@cnet.com,Human Resources,Vitz,1,Associate Professor
Lionello,Laible,llaible39@bigcartel.com,Sales,Skimia,3,Structural Analysis Engineer
Saree,Trowl,strowl3a@ft.com,Research and Development,Realcube,1,Accountant III
Lexis,Bygrave,lbygrave3b@aboutads.info,Product Management,Dynabox,2,Research Associate
Babbie,Staniland,bstaniland3c@topsy.com,Business Development,Fanoodle,1,Librarian
Vivyan,Torrance,vtorrance3d@nifty.com,Business Development,Oyoyo,2,Budget/Accounting Analyst IV
Caldwell,Skull,cskull3e@mtv.com,Services,Quinu,2,Professor
Isadora,Glader,iglader3f@gizmodo.com,Support,Skyvu,1,Paralegal
Leonerd,Worster,lworster3g@last.fm,Human Resources,Tekfly,1,Biostatistician IV
Sibyl,Kynston,skynston3h@jiathis.com,Product Management,Tanoodle,2,Database Administrator II
Nicky,Blazeby,nblazeby3i@washington.edu,Product Management,Devpulse,2,Editor
Ryann,Czyz,rczyz3j@google.com.br,Legal,Mynte,1,Human Resources Assistant III
Clemmie,Weedall,cweedall3k@dedecms.com,Human Resources,Feedmix,3,Food Chemist
Wernher,Hardesty,whardesty3l@guardian.co.uk,Business Development,Oba,3,Research Nurse
Craggy,Harden,charden3m@hhs.gov,Human Resources,Cogidoo,1,Help Desk Operator
Shantee,Luthwood,sluthwood3n@jalbum.net,Legal,Cogilith,1,Sales Associate
Nettle,Songust,nsongust3o@odnoklassniki.ru,Services,Yodoo,1,Software Engineer I
Winnifred,Smalley,wsmalley3p@hud.gov,Sales,Twimm,3,Web Designer III
Wye,Cescot,wcescot3q@pinterest.com,Business Development,Skipstorm,1,Technical Writer
Sammy,Hastin,shastin3r@yahoo.com,Accounting,Skipfire,3,Analyst Programmer
Inger,Clitheroe,iclitheroe3s@joomla.org,Sales,Divanoodle,3,Structural Engineer
Kermie,Jado,kjado3t@mit.edu,Legal,Centidel,1,Senior Financial Analyst
Cyndi,Vigus,cvigus3u@mapy.cz,Research and Development,Kare,2,Assistant Media Planner
Bryanty,Potteridge,bpotteridge3v@netlog.com,Business Development,BlogXS,3,Director of Sales
Rorie,Cradick,rcradick3w@wp.com,Human Resources,Pixoboo,3,Project Manager
Dilan,Vida,dvida3x@hao123.com,Sales,Lazz,3,Developer II
Calida,Vlasov,cvlasov3y@jugem.jp,Product Management,Twimm,2,Senior Cost Accountant
Farlee,Arbon,farbon3z@cloudflare.com,Marketing,Linkbridge,1,Quality Control Specialist
Olga,Cookes,ocookes40@dailymail.co.uk,Accounting,Eare,1,Human Resources Assistant I
Verney,Monsey,vmonsey41@geocities.com,Marketing,Camido,2,Administrative Assistant I
Rickie,Caddy,rcaddy42@vkontakte.ru,Accounting,Shuffledrive,2,Senior Cost Accountant
Monte,Durram,mdurram43@soup.io,Human Resources,Skipfire,3,Editor
Cissiee,Parradine,cparradine44@simplemachines.org,Business Development,Browsecat,2,Web Designer IV
Latashia,Kose,lkose45@tuttocitta.it,Services,Wordtune,3,Mechanical Systems Engineer
Mylo,Sorrell,msorrell46@github.com,Sales,Shuffletag,1,Statistician III
Chastity,Curthoys,ccurthoys47@gnu.org,Support,Leexo,1,Recruiting Manager
Townie,Jaquemar,tjaquemar48@pen.io,Sales,Topicblab,1,Senior Quality Engineer
Vilma,Greensitt,vgreensitt49@blogs.com,Research and Development,Feedmix,1,Civil Engineer
Alexio,Balk,abalk4a@unblog.fr,Product Management,Babbleblab,1,Financial Analyst
Arlina,Lamprey,alamprey4b@alibaba.com,Marketing,Zoonder,2,Media Manager III
Brynn,Papes,bpapes4c@adobe.com,Marketing,Voolith,3,Nuclear Power Engineer
Maxi,Sayse,msayse4d@fastcompany.com,Product Management,Jaxnation,2,Analyst Programmer
Claudian,Saltmarshe,csaltmarshe4e@freewebs.com,Research and Development,Nlounge,3,Programmer I
Kermy,Bickerdyke,kbickerdyke4f@yale.edu,Services,Mydo,2,Web Developer II
Tawnya,Hulatt,thulatt4g@scribd.com,Product Management,Feedmix,2,Nurse
Vivian,Zaniolini,vzaniolini4h@hibu.com,Legal,Katz,1,Geological Engineer
George,Heinz,gheinz4i@symantec.com,Support,Quimm,2,Product Engineer
Charo,Goshawke,cgoshawke4j@home.pl,Marketing,Brainbox,3,Assistant Professor
Callie,Congrave,ccongrave4k@cdbaby.com,Research and Development,Gabtune,1,Civil Engineer
Clemente,Charpling,ccharpling4l@4shared.com,Human Resources,Oyoba,3,Safety Technician III
Ulrich,Wooler,uwooler4m@about.me,Legal,Npath,2,Marketing Manager
Jodee,Lydiate,jlydiate4n@simplemachines.org,Business Development,Topicstorm,2,Help Desk Operator
Kimball,Doggett,kdoggett4o@rediff.com,Sales,Devshare,2,Pharmacist
Bessy,Nattriss,bnattriss4p@usnews.com,Accounting,Realpoint,2,Electrical Engineer
Zebedee,Fundell,zfundell4q@123-reg.co.uk,Business Development,Pixonyx,1,Human Resources Manager
Florenza,Benettelli,fbenettelli4r@hugedomains.com,Research and Development,Chatterpoint,2,VP Product Management
Rosalind,Venart,rvenart4s@digg.com,Human Resources,Livetube,1,Recruiter
Major,Exelby,mexelby4t@moonfruit.com,Marketing,Zazio,2,Financial Advisor
Colan,Mack,cmack4u@github.io,Legal,Edgeblab,2,Editor
Daron,Le Ball,dleball4v@webnode.com,Research and Development,Avavee,3,Nurse
Osborne,Hamflett,ohamflett4w@rakuten.co.jp,Legal,Livefish,1,Automation Specialist II
Josepha,Narrie,jnarrie4x@dmoz.org,Training,Wordpedia,2,Accountant III
Timothy,Guttridge,tguttridge4y@irs.gov,Research and Development,Rhycero,3,VP Quality Control
Carmen,Rosentholer,crosentholer4z@boston.com,Accounting,Avamm,2,Assistant Professor
Christyna,Ferebee,cferebee50@people.com.cn,Accounting,Feedbug,2,Graphic Designer
Skell,L'Hommee,slhommee51@mit.edu,Sales,Wordware,2,Junior Executive
Franni,Bumphries,fbumphries52@wired.com,Human Resources,Avaveo,3,Safety Technician IV
Shelia,Rumens,srumens53@youtube.com,Services,Twiyo,1,Clinical Specialist
Dulcy,Brokenshaw,dbrokenshaw54@barnesandnoble.com,Accounting,Zoovu,1,Dental Hygienist
Isaak,Human,ihuman55@weather.com,Research and Development,Eazzy,1,Programmer Analyst IV
Spike,Vawton,svawton56@deviantart.com,Support,Bubblebox,3,Chief Design Engineer
Reggie,Gallie,rgallie57@nydailynews.com,Research and Development,Tagpad,3,Assistant Manager
Joella,Franke,jfranke58@cdc.gov,Product Management,Viva,2,Staff Scientist
Bernie,Leathwood,bleathwood59@aol.com,Services,Dablist,3,Budget/Accounting Analyst II
Robina,Pittem,rpittem5a@jugem.jp,Services,Flipstorm,1,General Manager
Giordano,Olyet,golyet5b@mail.ru,Product Management,Quaxo,1,Dental Hygienist
Clyde,Hallowes,challowes5c@gnu.org,Accounting,Realbridge,3,Sales Representative
Sukey,Carbine,scarbine5d@domainmarket.com,Support,Centimia,1,Product Engineer
Hyman,Pilpovic,hpilpovic5e@prweb.com,Training,Dabfeed,2,Design Engineer
Martina,Pomphrey,mpomphrey5f@illinois.edu,Legal,Oyondu,1,Account Coordinator
Stillman,Gillebert,sgillebert5g@woothemes.com,Legal,Gigaclub,3,Nurse Practicioner
Neila,Jindrak,njindrak5h@census.gov,Marketing,Tanoodle,1,Quality Control Specialist
Walliw,Whittleton,wwhittleton5i@irs.gov,Product Management,Zooxo,2,Developer IV
Paulina,Braidman,pbraidman5j@tuttocitta.it,Legal,Jayo,3,Research Nurse
Verina,Penberthy,vpenberthy5k@marketwatch.com,Business Development,Mynte,2,Financial Advisor
Husain,Hordle,hhordle5l@webnode.com,Legal,Meevee,1,Speech Pathologist
Jeane,Tennick,jtennick5m@google.com,Training,Npath,3,VP Product Management
Sarina,Roels,sroels5n@webmd.com,Business Development,JumpXS,3,Geologist IV
Belita,Ambrogioni,bambrogioni5o@answers.com,Research and Development,Kare,2,Quality Engineer
Shay,Laverty,slaverty5p@columbia.edu,Training,Fivespan,2,Research Nurse
Ryun,Crayker,rcrayker5q@webs.com,Engineering,Shuffletag,1,Registered Nurse
Palmer,Mordie,pmordie5r@blogs.com,Support,Dabtype,1,Staff Accountant I
Kalli,Arnefield,karnefield5s@example.com,Support,Realbridge,2,Research Associate
Gerrilee,Rollingson,grollingson5t@aboutads.info,Business Development,Photojam,1,Internal Auditor
Cindie,MacCawley,cmaccawley5u@cocolog-nifty.com,Accounting,Skimia,2,Account Coordinator
Kellen,MacLise,kmaclise5v@mapy.cz,Marketing,Vinte,1,Financial Advisor
Dorelia,Tench,dtench5w@sciencedaily.com,Sales,Chatterbridge,1,Librarian
Larine,Cuddehay,lcuddehay5x@odnoklassniki.ru,Business Development,Livefish,3,Pharmacist
Rosana,Guidini,rguidini5y@fema.gov,Engineering,Dabshots,2,Software Consultant
Quinn,Folker,qfolker5z@csmonitor.com,Human Resources,Youtags,2,Web Developer III
Aaren,Morit,amorit60@msu.edu,Marketing,Photobean,2,Professor
Korella,Stoyles,kstoyles61@booking.com,Research and Development,Realmix,1,Nurse Practicioner
Lucky,Patience,lpatience62@behance.net,Legal,Skynoodle,2,Assistant Professor
Willie,Leverich,wleverich63@clickbank.net,Product Management,Gigaclub,1,Environmental Tech
Goran,Soares,gsoares64@geocities.com,Research and Development,Tagfeed,1,Research Nurse
Rea,Rickerd,rrickerd65@webeden.co.uk,Human Resources,Photobean,1,Research Associate
Edita,Mulrenan,emulrenan66@ucoz.ru,Legal,Tagchat,2,Account Coordinator
Elihu,Osinin,eosinin67@cargocollective.com,Marketing,Livetube,2,Senior Editor
Francine,Mensler,fmensler68@cornell.edu,Human Resources,Eidel,2,Accountant II
Zack,Cozzi,zcozzi69@bandcamp.com,Human Resources,Linklinks,2,Compensation Analyst
Russ,Brackley,rbrackley6a@uiuc.edu,Marketing,Dabfeed,1,Clinical Specialist
Anna,Thomtson,athomtson6b@exblog.jp,Services,Bubblebox,2,Media Manager IV
Symon,Bage,sbage6c@cyberchimps.com,Human Resources,Yakijo,2,Teacher
Tuck,Skeggs,tskeggs6d@arstechnica.com,Services,Photobean,1,VP Accounting
Tera,Maier,tmaier6e@ameblo.jp,Research and Development,Aibox,2,Computer Systems Analyst I
Monah,Hinder,mhinder6f@bloomberg.com,Accounting,Aibox,3,Nuclear Power Engineer
Kin,Varnam,kvarnam6g@w3.org,Business Development,Geba,3,Assistant Professor
Federico,Barrie,fbarrie6h@sfgate.com,Human Resources,Jabbersphere,3,Design Engineer
Ewen,Westcar,ewestcar6i@geocities.com,Training,Photolist,2,Recruiting Manager
Lorrin,Rabbet,lrabbet6j@ustream.tv,Sales,Livetube,3,Web Designer I
Jodi,Luc,jluc6k@marketwatch.com,Sales,Aivee,1,Product Engineer
Darrelle,Burmaster,dburmaster6l@bloomberg.com,Accounting,Ntags,2,Systems Administrator I
Paulita,Belle,pbelle6m@ftc.gov,Services,Avamm,3,Developer III
Roanna,Prodrick,rprodrick6n@taobao.com,Research and Development,Mynte,1,Food Chemist
Gianna,Frusher,gfrusher6o@ftc.gov,Marketing,Skimia,1,Geologist II
Carolin,Jeannesson,cjeannesson6p@ebay.co.uk,Marketing,Gabtype,2,Analyst Programmer
Sharona,Johnsson,sjohnsson6q@constantcontact.com,Accounting,Babbleblab,3,Professor
Janeva,Tredwell,jtredwell6r@artisteer.com,Product Management,Twitterlist,3,Product Engineer
Kirsteni,Bleaden,kbleaden6s@psu.edu,Legal,Viva,2,Marketing Assistant
Simon,Bedin,sbedin6t@webnode.com,Training,Dabfeed,2,Computer Systems Analyst III
Harriette,Eronie,heronie6u@google.ca,Services,Zoombeat,3,Cost Accountant
Iolande,Doggart,idoggart6v@weebly.com,Product Management,Yoveo,2,Assistant Professor
Kiele,Haryngton,kharyngton6w@ucla.edu,Sales,Wikizz,3,Legal Assistant
Elianore,Whale,ewhale6x@go.com,Human Resources,Skilith,2,Accounting Assistant III
Raeann,Masserel,rmasserel6y@tripod.com,Engineering,Trupe,2,Assistant Manager
Penny,Macguire,pmacguire6z@blogger.com,Accounting,Fatz,2,Senior Cost Accountant
Abey,Doxey,adoxey70@ucoz.com,Support,Skyndu,2,Recruiter
Gray,Behnecke,gbehnecke71@webmd.com,Sales,Thoughtmix,2,Data Coordinator
Uriah,Imos,uimos72@redcross.org,Support,Riffpedia,2,Payment Adjustment Coordinator
Bourke,de Aguirre,bdeaguirre73@cargocollective.com,Sales,Brainbox,2,Account Coordinator
Kristoffer,Delcastel,kdelcastel74@ask.com,Accounting,Browseblab,1,Research Assistant IV
Tab,Went,twent75@51.la,Accounting,Mydeo,1,Analog Circuit Design manager
Cristin,Fairham,cfairham76@instagram.com,Engineering,Eabox,3,Account Representative II
Melosa,Buncher,mbuncher77@shinystat.com,Research and Development,Gabtype,3,Account Representative III
Wilhelmine,Snalom,wsnalom78@china.com.cn,Support,Flashspan,3,Help Desk Operator
Koral,Bushill,kbushill79@thetimes.co.uk,Legal,Kazu,2,Operator
Demetria,Geram,dgeram7a@house.gov,Training,Livefish,2,Software Test Engineer I
Bernardo,Grimsdell,bgrimsdell7b@cbslocal.com,Sales,Pixope,1,Librarian
Cherin,Siddens,csiddens7c@psu.edu,Services,Shuffledrive,1,Structural Analysis Engineer
Jodi,Davioud,jdavioud7d@bandcamp.com,Engineering,Bubblemix,2,Account Coordinator
Flossi,Clubley,fclubley7e@desdev.cn,Accounting,Zoomdog,3,Operator
Shena,Le-Good,slegood7f@usatoday.com,Product Management,Zoombox,2,Accounting Assistant II
Alfreda,Mutimer,amutimer7g@chicagotribune.com,Training,Yodoo,3,Senior Cost Accountant
Jess,Hynes,jhynes7h@hibu.com,Training,Edgeblab,2,Compensation Analyst
Alano,Follan,afollan7i@fc2.com,Sales,Buzzbean,1,Professor
Mohammed,Phizacklea,mphizacklea7j@geocities.jp,Product Management,Mydeo,2,Dental Hygienist
Charlean,Purshouse,cpurshouse7k@chronoengine.com,Services,Buzzdog,3,Nuclear Power Engineer
Baird,Meece,bmeece7l@ihg.com,Business Development,Miboo,2,Legal Assistant
Sigmund,Verrico,sverrico7m@army.mil,Research and Development,Eire,1,Account Representative III
Halley,Kiffin,hkiffin7n@delicious.com,Training,Jaxworks,3,Web Designer II
Luther,Lampke,llampke7o@networksolutions.com,Marketing,Feedbug,2,Marketing Assistant
Vassily,Streather,vstreather7p@friendfeed.com,Research and Development,Gabspot,2,Accountant III
Jeff,Gammel,jgammel7q@ow.ly,Accounting,Mybuzz,2,Senior Financial Analyst
Stepha,Iashvili,siashvili7r@paypal.com,Legal,Zoonoodle,1,Business Systems Development Analyst
Annabal,Grinishin,agrinishin7s@princeton.edu,Product Management,Quimm,3,Electrical Engineer
Hayden,Pringer,hpringer7t@printfriendly.com,Product Management,Oyondu,3,Human Resources Manager
Amelie,Carpenter,acarpenter7u@latimes.com,Product Management,Centidel,1,Research Assistant III
Lindsay,Steptow,lsteptow7v@zdnet.com,Human Resources,Brightdog,1,Technical Writer
Rubi,Carlin,rcarlin7w@arstechnica.com,Engineering,Jabbercube,1,Marketing Manager
Dedie,Haynes,dhaynes7x@ow.ly,Research and Development,Gigabox,1,Financial Analyst
Farand,Aspling,faspling7y@reference.com,Business Development,Meetz,3,Junior Executive
Tedda,Medcalfe,tmedcalfe7z@xrea.com,Accounting,Kaymbo,1,GIS Technical Architect
Ethe,Ohanessian,eohanessian80@123-reg.co.uk,Engineering,Devbug,1,Help Desk Operator
Roana,Galletly,rgalletly81@twitpic.com,Engineering,Tavu,2,VP Accounting
Verena,Lovell,vlovell82@mozilla.com,Accounting,Photobug,3,Civil Engineer
Gwen,Viant,gviant83@walmart.com,Research and Development,Skibox,3,Developer I
Reiko,Stredder,rstredder84@icq.com,Research and Development,Leenti,2,Electrical Engineer
Nana,Guerreau,nguerreau85@marketwatch.com,Marketing,Rhycero,2,Help Desk Technician
Kettie,Munslow,kmunslow86@senate.gov,Human Resources,Chatterpoint,3,Account Representative II
Travers,Charlotte,tcharlotte87@yahoo.com,Support,Yacero,3,Account Executive
Adelbert,Seagar,aseagar88@homestead.com,Training,Photojam,3,Health Coach IV
Ailis,Hearty,ahearty89@ovh.net,Legal,Voomm,2,Accounting Assistant II
Marylee,Kittoe,mkittoe8a@bloglines.com,Engineering,Tagfeed,1,Actuary
Claudia,Foye,cfoye8b@amazon.com,Legal,Kwinu,3,Programmer Analyst III
Ervin,Spratling,espratling8c@gizmodo.com,Marketing,Voolith,3,Software Test Engineer III
Henrieta,Dennehy,hdennehy8d@bigcartel.com,Services,Riffwire,1,Developer I
Tobe,Jzhakov,tjzhakov8e@omniture.com,Engineering,Thoughtblab,2,Staff Scientist
Bronnie,Tilte,btilte8f@independent.co.uk,Marketing,Gabvine,1,Chief Design Engineer
Bent,Andriesse,bandriesse8g@scientificamerican.com,Human Resources,Yamia,2,Editor
Jennine,Galbreth,jgalbreth8h@buzzfeed.com,Product Management,Youspan,2,Office Assistant IV
Rebeka,Airdrie,rairdrie8i@cocolog-nifty.com,Services,Leenti,2,Automation Specialist III
Sena,Rasell,srasell8j@simplemachines.org,Research and Development,Yodo,1,Nuclear Power Engineer
Joana,Blucher,jblucher8k@ehow.com,Sales,Shuffletag,2,Account Executive
Ofilia,Hawk,ohawk8l@fc2.com,Services,Wikizz,2,VP Quality Control
Jerrilee,Tailby,jtailby8m@nytimes.com,Sales,Avaveo,3,Quality Control Specialist
Alex,Jamieson,ajamieson8n@liveinternet.ru,Training,Fadeo,1,Account Representative III
Adena,Eilhart,aeilhart8o@wikipedia.org,Training,Gigazoom,2,Financial Analyst
Marina,Yarnley,myarnley8p@loc.gov,Marketing,Vidoo,1,Account Representative II
See,Anniwell,sanniwell8q@hatena.ne.jp,Legal,Pixoboo,1,Actuary
Sheffie,Lawlie,slawlie8r@businessweek.com,Product Management,Bluejam,3,Media Manager I
Blondie,Denman,bdenman8s@pinterest.com,Research and Development,Plajo,1,Nurse Practicioner
Con,Hartright,chartright8t@blogspot.com,Sales,Zoomcast,1,Analog Circuit Design manager
Prince,Becerro,pbecerro8u@myspace.com,Sales,Abatz,2,Payment Adjustment Coordinator
Desmond,Heal,dheal8v@flickr.com,Accounting,Babbleopia,2,Software Engineer IV
Lincoln,Lambert-Ciorwyn,llambertciorwyn8w@squidoo.com,Services,LiveZ,2,Assistant Manager
Conrad,Colleymore,ccolleymore8x@ezinearticles.com,Engineering,Gabtune,3,Design Engineer
Waylin,Burniston,wburniston8y@miibeian.gov.cn,Legal,Zooveo,1,Food Chemist
Danila,Rablen,drablen8z@joomla.org,Engineering,Omba,1,Senior Cost Accountant
Pyotr,Cristofori,pcristofori90@pbs.org,Human Resources,Quire,3,Nurse
Shawn,MacCracken,smaccracken91@meetup.com,Research and Development,Thoughtsphere,2,Senior Quality Engineer
Dante,Cheson,dcheson92@nature.com,Human Resources,Edgeblab,1,Software Engineer III
Orin,Corcut,ocorcut93@meetup.com,Sales,Babbleset,1,Geological Engineer
Finlay,Beament,fbeament94@is.gd,Support,Linklinks,3,Human Resources Assistant III
Addi,Mitchel,amitchel95@dyndns.org,Accounting,Tagcat,1,Librarian
Raynor,Mosen,rmosen96@amazon.com,Product Management,Roodel,3,Budget/Accounting Analyst I
Thorin,Greedier,tgreedier97@discovery.com,Product Management,Eayo,1,Mechanical Systems Engineer
Catlee,Milsap,cmilsap98@mozilla.com,Product Management,Yakijo,1,Programmer I
Jessey,O'Grogane,jogrogane99@uiuc.edu,Services,Zoonder,2,VP Accounting
Rose,Zuanelli,rzuanelli9a@slate.com,Research and Development,Quinu,3,Community Outreach Specialist
Vida,Pigram,vpigram9b@hhs.gov,Product Management,Podcat,2,Registered Nurse
Milo,Chastey,mchastey9c@instagram.com,Training,Flipopia,1,Teacher
Storm,Sebring,ssebring9d@netvibes.com,Engineering,Realcube,2,Biostatistician I
Michele,Townshend,mtownshend9e@illinois.edu,Accounting,Devify,1,Junior Executive
Sauncho,Shilito,sshilito9f@virginia.edu,Training,Divavu,1,Staff Scientist
Laurie,Torregiani,ltorregiani9g@vimeo.com,Business Development,Flipopia,1,Nurse
Whitney,Frewer,wfrewer9h@example.com,Marketing,Roombo,2,Software Test Engineer IV
Annalise,Osmon,aosmon9i@time.com,Support,Quire,2,Sales Representative
Fabiano,Piffe,fpiffe9j@netscape.com,Support,Zoomlounge,2,Senior Quality Engineer
Ward,Fanshaw,wfanshaw9k@quantcast.com,Business Development,Realblab,2,Librarian
Gaby,Russe,grusse9l@google.com.hk,Marketing,Kazu,1,Tax Accountant
Neila,Elacoate,nelacoate9m@loc.gov,Engineering,Topicstorm,2,Human Resources Assistant II
Webb,Endley,wendley9n@fastcompany.com,Business Development,Skippad,3,Executive Secretary
Brandise,Sullens,bsullens9o@mozilla.com,Research and Development,Voolia,2,Financial Advisor
Vilma,Whittet,vwhittet9p@addthis.com,Services,Blogtags,2,Marketing Manager
Bernadine,Gerty,bgerty9q@hostgator.com,Engineering,Gabspot,3,Geological Engineer
Charisse,Plumbley,cplumbley9r@chicagotribune.com,Human Resources,Edgetag,1,Accountant IV
Waylen,Fashion,wfashion9s@moonfruit.com,Support,Demivee,3,Account Representative II
Derk,Girardey,dgirardey9t@trellian.com,Business Development,Gigashots,3,Recruiting Manager
Gearard,Poston,gposton9u@foxnews.com,Business Development,Zoombox,1,Programmer I
Putnem,McCrohon,pmccrohon9v@discovery.com,Accounting,Devpoint,3,Assistant Manager
Eustace,Fancutt,efancutt9w@discuz.net,Human Resources,Aimbu,2,Business Systems Development Analyst
Zolly,Kubicek,zkubicek9x@archive.org,Marketing,Rooxo,2,Software Consultant
Meris,Colleer,mcolleer9y@state.gov,Product Management,Topicblab,1,Statistician II
Celle,Corringham,ccorringham9z@buzzfeed.com,Marketing,Cogidoo,2,Accountant IV
Amble,Panting,apantinga0@unicef.org,Services,Yabox,1,Computer Systems Analyst IV
Janeen,Upwood,jupwooda1@nymag.com,Marketing,Talane,3,Senior Sales Associate
Trumann,Potbury,tpotburya2@rediff.com,Accounting,Demivee,3,Payment Adjustment Coordinator
Carlota,Lownie,clowniea3@cyberchimps.com,Research and Development,Avamm,2,Professor
Norene,Crutchley,ncrutchleya4@free.fr,Product Management,Dynabox,3,Executive Secretary
Nettle,Vaudre,nvaudrea5@about.me,Marketing,Trilith,1,Quality Engineer
Georgiana,Heckner,ghecknera6@nhs.uk,Support,Zooveo,3,Web Designer III
Faustine,Pays,fpaysa7@constantcontact.com,Human Resources,Kwimbee,3,Recruiting Manager
Carmita,Cawsey,ccawseya8@xinhuanet.com,Support,Topiczoom,3,Sales Representative
Ignacius,Birchett,ibirchetta9@hibu.com,Engineering,Rhynoodle,3,Tax Accountant
Norman,Bunclark,nbunclarkaa@squidoo.com,Research and Development,Voonder,2,Nurse
Gelya,Peotz,gpeotzab@ucla.edu,Training,Trunyx,2,GIS Technical Architect
Packston,Cribbott,pcribbottac@live.com,Engineering,Quimba,3,VP Marketing
Rab,Galletley,rgalletleyad@vkontakte.ru,Support,Oba,2,Web Designer III
Elvis,Tuckerman,etuckermanae@liveinternet.ru,Engineering,Bluejam,1,Recruiter
Eileen,Faltin,efaltinaf@arizona.edu,Engineering,Topiclounge,2,Assistant Manager
Ancell,Tedridge,atedridgeag@ucla.edu,Engineering,Livefish,1,Occupational Therapist
Annabel,Bangle,abangleah@facebook.com,Services,Thoughtstorm,1,Staff Scientist
Patrizio,Willarton,pwillartonai@wikispaces.com,Research and Development,Devpoint,1,Recruiter
Norby,Stovin,nstovinaj@cnbc.com,Business Development,Tagpad,1,Clinical Specialist
Nikita,Bowes,nbowesak@friendfeed.com,Engineering,Zava,3,Administrative Assistant III
Kit,Swaddle,kswaddleal@multiply.com,Support,Quinu,3,Sales Associate
Leia,Sholem,lsholemam@si.edu,Legal,Wordpedia,1,Engineer II
Georgiana,Pratt,gprattan@xinhuanet.com,Research and Development,Meembee,3,Web Designer I
Malachi,Greenrod,mgreenrodao@geocities.jp,Human Resources,Skinte,3,Quality Control Specialist
Basile,Yve,byveap@reverbnation.com,Legal,Rooxo,3,Statistician IV
Herschel,Malinowski,hmalinowskiaq@drupal.org,Support,Izio,2,Senior Sales Associate
Edd,Hamlyn,ehamlynar@g.co,Marketing,Roombo,1,Professor
Valina,Dossettor,vdossettoras@nih.gov,Training,Dazzlesphere,2,Chief Design Engineer
Jerrine,Erbe,jerbeat@bbb.org,Engineering,Gabcube,2,Speech Pathologist
Barton,Di Angelo,bdiangeloau@spotify.com,Human Resources,Realcube,3,Geological Engineer
Layney,Marriner,lmarrinerav@liveinternet.ru,Accounting,Thoughtbeat,2,Legal Assistant
Waylen,Waren,wwarenaw@icio.us,Product Management,Topicshots,1,Librarian
Carlota,Coupar,ccouparax@google.com,Marketing,Zoomcast,2,Pharmacist
Johnathan,Rafe,jrafeay@list-manage.com,Legal,Fiveclub,3,Financial Analyst
Rosemaria,Lehr,rlehraz@w3.org,Sales,Dazzlesphere,2,Actuary
Maddie,Mansfield,mmansfieldb0@hp.com,Sales,Tavu,1,Environmental Specialist
Quincey,Gantlett,qgantlettb1@360.cn,Legal,Skidoo,2,Speech Pathologist
Bradan,Lindenman,blindenmanb2@ehow.com,Legal,Yodoo,3,Human Resources Manager
Marylinda,Vowles,mvowlesb3@rediff.com,Legal,Aimbo,1,Teacher
Jude,Lynskey,jlynskeyb4@redcross.org,Sales,Vidoo,2,Financial Analyst
Saunderson,Hame,shameb5@storify.com,Accounting,Eire,2,Accountant III
Hercules,Gummie,hgummieb6@tiny.cc,Accounting,Jayo,1,Data Coordinator
Blanche,Tattersall,btattersallb7@youtu.be,Marketing,Eamia,3,Computer Systems Analyst I
Carolyne,Lebang,clebangb8@gov.uk,Sales,Myworks,3,Pharmacist
Madeline,Seppey,mseppeyb9@dion.ne.jp,Marketing,Flipopia,3,Food Chemist
Alane,Newark,anewarkba@google.es,Engineering,Fliptune,1,Social Worker
Corey,Trimmell,ctrimmellbb@mozilla.com,Marketing,Jamia,2,Community Outreach Specialist
Christoforo,Peplaw,cpeplawbc@wsj.com,Support,Flashset,1,Environmental Specialist
Kim,Piche,kpichebd@disqus.com,Business Development,Brainlounge,3,General Manager
Syman,O'Hagan,sohaganbe@sourceforge.net,Research and Development,Jayo,1,Help Desk Technician
Eldredge,Wrathmell,ewrathmellbf@pinterest.com,Business Development,Katz,3,Professor
Allianora,Stonham,astonhambg@mapy.cz,Engineering,Vinder,1,Analog Circuit Design manager
Bibby,Castelletti,bcastellettibh@unc.edu,Engineering,JumpXS,1,Junior Executive
Merry,Thonason,mthonasonbi@deliciousdays.com,Support,Dabfeed,1,Dental Hygienist
Linnea,Saylor,lsaylorbj@opensource.org,Accounting,Plajo,3,Tax Accountant
Marcia,Cops,mcopsbk@drupal.org,Research and Development,Feedfire,3,Occupational Therapist
Shana,Fleury,sfleurybl@bloomberg.com,Product Management,Rhycero,3,Nuclear Power Engineer
Janis,Cottingham,jcottinghambm@eventbrite.com,Training,Twimm,2,Research Nurse
Petunia,Locarno,plocarnobn@trellian.com,Legal,Oba,1,Community Outreach Specialist
Andra,Korn,akornbo@sogou.com,Human Resources,Wikido,2,Marketing Assistant
Kylie,Rousel,krouselbp@ted.com,Engineering,Minyx,1,Social Worker
Amelita,Sowrah,asowrahbq@1688.com,Research and Development,Rhyzio,2,Research Nurse
Preston,Gummoe,pgummoebr@pinterest.com,Human Resources,Vitz,3,Account Representative I
Lloyd,Poole,lpoolebs@etsy.com,Research and Development,Aimbo,2,Internal Auditor
Janean,Acheson,jachesonbt@mail.ru,Services,Browsetype,2,Environmental Specialist
Dickie,Smorthwaite,dsmorthwaitebu@exblog.jp,Business Development,Tambee,1,Desktop Support Technician
Fara,Pagen,fpagenbv@themeforest.net,Business Development,Bubblemix,1,Programmer IV
Adan,Nichol,anicholbw@foxnews.com,Accounting,Quatz,1,Environmental Specialist
Palm,Gear,pgearbx@slashdot.org,Marketing,Skiba,3,Research Nurse
Clair,Mattaus,cmattausby@ibm.com,Accounting,Thoughtstorm,1,Accountant I
Lynde,Vickress,lvickressbz@amazon.de,Marketing,Demimbu,2,Senior Editor
Katharyn,Jacquemy,kjacquemyc0@eventbrite.com,Engineering,Dabfeed,3,Research Assistant II
Opalina,Petrelluzzi,opetrelluzzic1@redcross.org,Business Development,Oloo,1,Geological Engineer
Sonny,Argont,sargontc2@reuters.com,Research and Development,Eidel,2,VP Product Management
Blondie,Ridwood,bridwoodc3@miibeian.gov.cn,Marketing,Dynabox,3,Information Systems Manager
Kinnie,Luxmoore,kluxmoorec4@who.int,Product Management,Oba,1,Actuary
Bary,Clemensen,bclemensenc5@cocolog-nifty.com,Marketing,Skinder,2,Editor
Ferrell,Sybbe,fsybbec6@cbc.ca,Services,Skyba,2,Sales Representative
Juditha,Hesse,jhessec7@earthlink.net,Sales,Lazzy,3,Librarian
Anderea,Hanson,ahansonc8@phoca.cz,Sales,Gabcube,2,Junior Executive
Cathrin,Aleso,calesoc9@ning.com,Business Development,Vinte,3,Biostatistician III
Pauli,Krammer,pkrammerca@symantec.com,Accounting,Centizu,1,Assistant Professor
Carlee,Watmough,cwatmoughcb@nifty.com,Business Development,Zoomcast,3,Database Administrator IV
Brianna,Wiltshaw,bwiltshawcc@yellowbook.com,Business Development,Katz,1,Product Engineer
Cosette,Oakeby,coakebycd@theglobeandmail.com,Research and Development,Eidel,2,VP Product Management
Brietta,O'Bradain,bobradaince@opensource.org,Business Development,JumpXS,1,Account Executive
Ira,Leathard,ileathardcf@usa.gov,Services,Photobean,1,Tax Accountant
Hally,Whillock,hwhillockcg@ca.gov,Engineering,JumpXS,3,Senior Sales Associate
Shandeigh,Murrhaupt,smurrhauptch@google.cn,Services,Brainbox,2,Structural Engineer
Bernette,Mussington,bmussingtonci@apache.org,Marketing,Thoughtstorm,1,Computer Systems Analyst II
Malcolm,Alton,maltoncj@slideshare.net,Marketing,Skivee,2,Software Engineer III
Haily,McRannell,hmcrannellck@virginia.edu,Legal,Zoomcast,1,Nuclear Power Engineer
Pearle,Wrankmore,pwrankmorecl@scientificamerican.com,Engineering,Plajo,3,Structural Engineer
Orlando,Mashal,omashalcm@phoca.cz,Human Resources,Mynte,2,Analog Circuit Design manager
Allison,Bennetto,abennettocn@themeforest.net,Legal,Kamba,1,Marketing Assistant
Rodrique,Postlewhite,rpostlewhiteco@stanford.edu,Accounting,Tagopia,3,Design Engineer
Tybie,Ransbury,transburycp@mlb.com,Marketing,Quaxo,1,VP Quality Control
Darelle,Chitson,dchitsoncq@w3.org,Business Development,Cogidoo,1,Teacher
Emery,Fontaine,efontainecr@nymag.com,Services,Blogspan,1,Dental Hygienist
Kordula,Caddies,kcaddiescs@mail.ru,Accounting,Kare,2,Senior Financial Analyst
Basil,Minchinton,bminchintonct@geocities.com,Marketing,Zoomlounge,2,VP Product Management
Mariquilla,Esposita,mespositacu@bluehost.com,Product Management,Realcube,1,Analyst Programmer
Joellyn,Bloxam,jbloxamcv@google.nl,Support,Wordware,3,Statistician III
Garvy,Reddecliffe,greddecliffecw@bing.com,Legal,Zoombox,2,Business Systems Development Analyst
Liva,Suddell,lsuddellcx@amazon.co.jp,Accounting,Podcat,2,Food Chemist
Addy,Wadly,awadlycy@about.com,Legal,Browsebug,3,Community Outreach Specialist
Morly,Howsego,mhowsegocz@dot.gov,Support,Topiclounge,1,Information Systems Manager
Quentin,Mountlow,qmountlowd0@arstechnica.com,Accounting,Quimm,1,VP Sales
Lenna,Winsbury,lwinsburyd1@unc.edu,Support,Trudoo,3,Staff Accountant III
Alyss,Dunsmore,adunsmored2@bloglovin.com,Research and Development,Kazio,3,Software Consultant
Hakim,McCome,hmccomed3@nationalgeographic.com,Human Resources,Meevee,2,Electrical Engineer
Blancha,Legges,bleggesd4@dot.gov,Human Resources,Avaveo,1,Compensation Analyst
Josepha,Byron,jbyrond5@last.fm,Product Management,Dablist,2,Research Assistant II
Sara,Dikes,sdikesd6@gravatar.com,Research and Development,Skyvu,2,Design Engineer
Marrilee,Sexon,msexond7@opensource.org,Research and Development,Zoomlounge,1,VP Product Management
Leighton,Mingaye,lmingayed8@multiply.com,Support,Babbleset,3,Legal Assistant
Talia,Pardie,tpardied9@hud.gov,Engineering,Meetz,2,Mechanical Systems Engineer
Myer,Mishow,mmishowda@wordpress.org,Legal,LiveZ,1,Teacher
Eugenio,Bellefant,ebellefantdb@nydailynews.com,Accounting,Quamba,1,Office Assistant IV
Twila,Ugoni,tugonidc@unicef.org,Services,Voonyx,3,Nurse Practicioner
Blithe,Pretious,bpretiousdd@about.com,Engineering,Bubblebox,3,Quality Control Specialist
Doug,Spaducci,dspaduccide@symantec.com,Human Resources,Midel,2,Senior Cost Accountant
Tiffy,Tatnell,ttatnelldf@usgs.gov,Human Resources,Oyoloo,2,Operator
Allys,Goadsby,agoadsbydg@jimdo.com,Research and Development,Mynte,1,Human Resources Assistant I
Bank,Hampshire,bhampshiredh@wikispaces.com,Sales,Demizz,2,Sales Representative
Barbe,Rustan,brustandi@constantcontact.com,Research and Development,Agimba,2,Civil Engineer
Zahara,Batie,zbatiedj@independent.co.uk,Research and Development,Skyble,2,Programmer IV
Yoshiko,Cockley,ycockleydk@disqus.com,Sales,Tambee,1,Accountant I
Amata,Veld,avelddl@51.la,Business Development,Meeveo,3,Executive Secretary
Clarissa,Carstairs,ccarstairsdm@gizmodo.com,Support,Ainyx,2,Librarian
Fletcher,Deely,fdeelydn@ucoz.com,Human Resources,Eare,1,Safety Technician III
Borden,Kunkel,bkunkeldo@wikia.com,Services,Yakijo,1,Media Manager III
Dorelia,Ply,dplydp@digg.com,Research and Development,Jayo,2,Marketing Assistant
Malcolm,Hulle,mhulledq@over-blog.com,Business Development,Skyvu,2,Paralegal
Leonardo,Lugg,lluggdr@patch.com,Research and Development,Kwinu,2,VP Product Management
Ewell,Riccardelli,ericcardellids@mediafire.com,Engineering,Flipopia,1,Developer III
Filbert,Brosetti,fbrosettidt@technorati.com,Business Development,Dabshots,1,Community Outreach Specialist
Jerrine,Conkey,jconkeydu@ox.ac.uk,Services,Skiba,2,Accounting Assistant IV
Jordain,Norval,jnorvaldv@prlog.org,Support,Flipstorm,1,Structural Engineer
Hale,Trill,htrilldw@chicagotribune.com,Legal,Gigazoom,1,Chief Design Engineer
Camilla,Kelshaw,ckelshawdx@sogou.com,Human Resources,Layo,1,Director of Sales
Harriett,Pithie,hpithiedy@constantcontact.com,Engineering,Pixope,2,Software Consultant
Eal,Brastead,ebrasteaddz@independent.co.uk,Marketing,Tavu,1,Geologist III
Kelley,Common,kcommone0@hud.gov,Engineering,Npath,1,Engineer I
Orelee,Blanpein,oblanpeine1@earthlink.net,Support,Shufflester,3,Account Representative I
Halli,Clague,hclaguee2@mlb.com,Human Resources,Skynoodle,3,Project Manager
Brianna,Hulland,bhullande3@chicagotribune.com,Training,Ntag,2,Help Desk Operator
Clyve,Murford,cmurforde4@nih.gov,Services,Dabtype,1,Cost Accountant
Dallis,Selwood,dselwoode5@blogspot.com,Product Management,Flashspan,1,Programmer II
Roanna,MacGhee,rmacgheee6@51.la,Engineering,Edgetag,2,Human Resources Assistant IV
Gerti,Lax,glaxe7@marketwatch.com,Engineering,Gabcube,2,Professor
Laurie,Cotgrave,lcotgravee8@marriott.com,Business Development,Trudeo,2,Compensation Analyst
Jilli,Rantoul,jrantoule9@twitter.com,Support,Skinte,3,Community Outreach Specialist
Malchy,Works,mworksea@sciencedaily.com,Accounting,Blogpad,2,Legal Assistant
Karlan,Eingerfield,keingerfieldeb@dailymail.co.uk,Sales,Jaxspan,3,Biostatistician III
Darb,Eady,deadyec@craigslist.org,Training,Skilith,1,Media Manager IV
Benedicto,Giscken,bgisckened@mit.edu,Training,Dablist,2,Human Resources Assistant II
Maurizia,Ive,miveee@weebly.com,Engineering,Yotz,3,Analog Circuit Design manager
Torey,Brierton,tbriertonef@fda.gov,Accounting,Meedoo,1,Database Administrator I
Waldo,Kilvington,wkilvingtoneg@ezinearticles.com,Marketing,Thoughtmix,1,Quality Engineer
Rodrick,Yearnes,ryearneseh@ca.gov,Business Development,Kaymbo,3,Dental Hygienist
Bernie,Sollas,bsollasei@home.pl,Business Development,Photofeed,3,Design Engineer
Lennie,Sherburn,lsherburnej@seattletimes.com,Marketing,Meevee,1,Mechanical Systems Engineer
Tybi,Wadmore,twadmoreek@tinypic.com,Human Resources,Oyonder,2,Internal Auditor
Adam,Riddich,ariddichel@arstechnica.com,Engineering,Dabfeed,1,Electrical Engineer
Jonas,Colton,jcoltonem@opera.com,Support,Cogilith,3,Legal Assistant
Randy,Worden,rwordenen@macromedia.com,Human Resources,Talane,2,Analog Circuit Design manager
Elane,Lau,elaueo@vimeo.com,Engineering,Buzzdog,3,Financial Advisor
Sunshine,Rebert,srebertep@blog.com,Engineering,Quamba,3,Quality Control Specialist
Eddie,Weedenburg,eweedenburgeq@lycos.com,Product Management,Ntag,1,Desktop Support Technician
Mora,Lade,mladeer@dagondesign.com,Support,Quatz,1,Civil Engineer
Una,Daintree,udaintreees@dot.gov,Engineering,Oyonder,1,Web Developer II
Alic,Capozzi,acapozziet@over-blog.com,Support,Avavee,2,Accounting Assistant III
Clayborne,Finlay,cfinlayeu@auda.org.au,Business Development,Agimba,3,Technical Writer
Antony,Boldock,aboldockev@cnn.com,Accounting,Gigazoom,2,Actuary
Berkie,Spyvye,bspyvyeew@salon.com,Support,Flashspan,1,Assistant Professor
Glori,Redhills,gredhillsex@go.com,Marketing,Quimba,3,Teacher
Joyan,Fills,jfillsey@nature.com,Legal,Realpoint,3,Account Representative I
Cordula,Devericks,cdevericksez@surveymonkey.com,Legal,Gigaclub,1,Graphic Designer
D'arcy,Godsell,dgodsellf0@utexas.edu,Support,Yotz,3,Environmental Specialist
Janek,Ainslee,jainsleef1@nhs.uk,Research and Development,Rhyloo,3,Physical Therapy Assistant
Terrill,Harford,tharfordf2@bloglovin.com,Marketing,Mudo,2,Human Resources Manager
Dania,Branno,dbrannof3@about.me,Product Management,Mydeo,1,Compensation Analyst
Wyatan,Burgen,wburgenf4@about.com,Accounting,Fatz,2,Senior Developer
Ailene,Rentoll,arentollf5@nbcnews.com,Services,Trupe,1,Analyst Programmer
Reyna,Fildes,rfildesf6@foxnews.com,Research and Development,Eadel,3,Staff Scientist
Marena,Baruch,mbaruchf7@noaa.gov,Marketing,Mita,1,Chief Design Engineer
Elysia,Mathie,emathief8@ebay.com,Human Resources,Zoonoodle,3,Environmental Tech
Conroy,Maddyson,cmaddysonf9@google.co.jp,Sales,Podcat,1,Senior Quality Engineer
Sergent,Parnham,sparnhamfa@amazonaws.com,Training,Wordify,1,Project Manager
Francesca,Rickis,frickisfb@europa.eu,Sales,Mydo,3,Automation Specialist I
Milena,Dohrmann,mdohrmannfc@home.pl,Business Development,Zoomdog,1,Professor
Gypsy,Clemenceau,gclemenceaufd@exblog.jp,Sales,Livetube,1,Budget/Accounting Analyst III
Ron,Willets,rwilletsfe@illinois.edu,Engineering,Camido,3,Director of Sales
Gavra,Warin,gwarinff@cdbaby.com,Training,Twitterworks,2,Safety Technician II
Adiana,Bonde,abondefg@walmart.com,Services,Livepath,3,Office Assistant III
Raynard,Garrard,rgarrardfh@nhs.uk,Legal,Vinte,3,Compensation Analyst
Gregoire,Preto,gpretofi@imdb.com,Business Development,Voomm,3,Senior Cost Accountant
Park,Beauvais,pbeauvaisfj@drupal.org,Support,Vinte,1,Internal Auditor
Ariel,Weekland,aweeklandfk@bbc.co.uk,Accounting,DabZ,1,Actuary
Tamas,Haselden,thaseldenfl@mayoclinic.com,Accounting,Photospace,1,Media Manager I
Daryn,Astupenas,dastupenasfm@amazon.com,Sales,Myworks,2,Software Engineer I
Cherrita,Josum,cjosumfn@1und1.de,Human Resources,Thoughtstorm,2,VP Product Management
Judon,Scott,jscottfo@arstechnica.com,Research and Development,Demivee,1,Nurse Practicioner
Murry,Trees,mtreesfp@stanford.edu,Research and Development,Tambee,2,VP Marketing
Mirelle,Peers,mpeersfq@cam.ac.uk,Services,Avamm,3,Occupational Therapist
Moreen,Haggie,mhaggiefr@hao123.com,Marketing,Mydo,3,Help Desk Operator
Feodora,Dotterill,fdotterillfs@desdev.cn,Sales,Oyoba,2,Recruiting Manager
Joye,Byk,jbykft@list-manage.com,Product Management,Fiveclub,3,Administrative Officer
Thorvald,Peckham,tpeckhamfu@usa.gov,Business Development,Oyoyo,3,VP Sales
Slade,Lead,sleadfv@pagesperso-orange.fr,Human Resources,Dynava,2,Help Desk Operator
Lammond,McIlherran,lmcilherranfw@gizmodo.com,Marketing,Gigabox,1,Accounting Assistant I
Maddalena,Swindlehurst,mswindlehurstfx@histats.com,Marketing,Skilith,1,Director of Sales
Carley,Stenet,cstenetfy@forbes.com,Support,Kamba,3,Analyst Programmer
Foster,Heino,fheinofz@army.mil,Legal,Digitube,2,Executive Secretary
Bank,Tommis,btommisg0@nymag.com,Marketing,Linktype,3,Environmental Tech
Ogdan,Woollacott,owoollacottg1@blog.com,Product Management,Kwimbee,1,Graphic Designer
Misha,Glencross,mglencrossg2@themeforest.net,Accounting,Fanoodle,1,Assistant Media Planner
Bebe,Mathewson,bmathewsong3@flickr.com,Research and Development,Ntags,2,Graphic Designer
Abbot,Franca,afrancag4@youtube.com,Research and Development,Realbridge,3,Internal Auditor
Aluino,Loadwick,aloadwickg5@ft.com,Sales,Browsetype,3,Senior Editor
Will,Ballard,wballardg6@mediafire.com,Legal,Wikido,1,Quality Engineer
Jaquelin,Hearson,jhearsong7@rambler.ru,Product Management,Eare,1,Executive Secretary
Davidde,Keech,dkeechg8@sun.com,Support,Flashset,2,Paralegal
Alonzo,Hutchin,ahutching9@odnoklassniki.ru,Human Resources,Realfire,1,Account Executive
Nicolina,Menci,nmenciga@intel.com,Human Resources,Leexo,2,Geological Engineer
Belita,Augustine,baugustinegb@zdnet.com,Business Development,Jayo,2,Assistant Media Planner
Floyd,Pyott,fpyottgc@samsung.com,Sales,JumpXS,1,Cost Accountant
Dominica,Edards,dedardsgd@umn.edu,Accounting,Skinte,1,Senior Editor
Morgen,Juorio,mjuorioge@blog.com,Product Management,Zoombox,3,Nuclear Power Engineer
Rori,Handrick,rhandrickgf@cocolog-nifty.com,Research and Development,Dabvine,3,Analyst Programmer
Ashia,Rubica,arubicagg@nba.com,Business Development,Realbridge,1,Software Engineer II
Gavan,Farrall,gfarrallgh@google.com.hk,Human Resources,Zoomcast,2,Biostatistician IV
Bryant,Hodjetts,bhodjettsgi@weather.com,Accounting,Flashdog,3,Teacher
Artair,Vertey,averteygj@yolasite.com,Sales,Twimbo,3,Social Worker
Cristiano,De Ambrosis,cdeambrosisgk@princeton.edu,Sales,Pixoboo,2,Information Systems Manager
Osbourne,Laight,olaightgl@topsy.com,Marketing,Thoughtstorm,1,Internal Auditor
Gertruda,Kemetz,gkemetzgm@rambler.ru,Training,Photojam,1,Software Test Engineer I
Ned,Geillier,ngeilliergn@mit.edu,Business Development,Quatz,1,Statistician I
Genevieve,Claque,gclaquego@biblegateway.com,Human Resources,Pixoboo,3,Computer Systems Analyst IV
Noll,Karel,nkarelgp@senate.gov,Business Development,Dabshots,2,General Manager
Marcella,Geraldo,mgeraldogq@dot.gov,Research and Development,Oloo,2,Project Manager
Charmine,Tripony,ctriponygr@hexun.com,Services,Eazzy,3,Accounting Assistant II
Sarine,De Freyne,sdefreynegs@nbcnews.com,Business Development,Quatz,3,Nurse
Ty,Laslett,tlaslettgt@oakley.com,Support,LiveZ,2,Recruiter
Lenna,McKernon,lmckernongu@europa.eu,Human Resources,Edgetag,2,Professor
Kathe,Betho,kbethogv@google.co.uk,Support,Fatz,3,Staff Accountant III
Raddy,Haughian,rhaughiangw@ezinearticles.com,Services,Dynabox,2,Human Resources Assistant I
Bryanty,Daldry,bdaldrygx@umich.edu,Legal,Snaptags,2,Help Desk Technician
Florida,Wallice,fwallicegy@nps.gov,Product Management,Lajo,3,Account Representative II
Terrijo,Truscott,ttruscottgz@un.org,Support,Fadeo,3,Engineer III
Wakefield,MacAscaidh,wmacascaidhh0@miibeian.gov.cn,Accounting,Wordpedia,3,Engineer III
Mattias,Vasyushkhin,mvasyushkhinh1@businessweek.com,Business Development,Zoombeat,1,Nuclear Power Engineer
Dredi,Berrick,dberrickh2@seattletimes.com,Legal,Oyoloo,2,Analog Circuit Design manager
Grant,Coogan,gcooganh3@youku.com,Support,Ntags,1,Account Executive
Melody,Plaid,mplaidh4@apple.com,Legal,Demimbu,1,Sales Associate
Kearney,Hryniewicki,khryniewickih5@tamu.edu,Product Management,Buzzdog,3,Payment Adjustment Coordinator
Yvette,Craighead,ycraigheadh6@about.me,Sales,Skinder,2,Health Coach I
Zandra,Haddy,zhaddyh7@europa.eu,Engineering,Omba,2,Technical Writer
Feodora,Coult,fcoulth8@umn.edu,Sales,Youopia,1,Legal Assistant
Emiline,Cluckie,ecluckieh9@google.cn,Research and Development,Skyvu,1,Recruiter
Richart,McPeck,rmcpeckha@jugem.jp,Research and Development,Midel,1,Food Chemist
Romain,Abercrombie,rabercrombiehb@intel.com,Marketing,Jaloo,2,Biostatistician I
Daphne,Betteson,dbettesonhc@hibu.com,Training,Topicblab,2,Design Engineer
Rafi,Symcock,rsymcockhd@illinois.edu,Legal,Rhybox,1,Developer II
Reamonn,Mewhirter,rmewhirterhe@gravatar.com,Product Management,Feednation,3,Financial Analyst
Dolly,Hundell,dhundellhf@army.mil,Engineering,Quatz,1,Analog Circuit Design manager
Janice,Clausen,jclausenhg@seattletimes.com,Engineering,JumpXS,1,Registered Nurse
Matteo,Gusney,mgusneyhh@aol.com,Legal,Plajo,1,Programmer I
Fonzie,Rhubottom,frhubottomhi@marketwatch.com,Human Resources,Skyba,1,Computer Systems Analyst IV
Prisca,Pym,ppymhj@pagesperso-orange.fr,Accounting,Devcast,1,Accountant IV
Lyndy,Carette,lcarettehk@miitbeian.gov.cn,Legal,Gevee,1,Software Engineer III
Ingeborg,Habbes,ihabbeshl@imgur.com,Sales,Dynazzy,2,Compensation Analyst
Marinna,Wardlow,mwardlowhm@ebay.co.uk,Training,Thoughtbridge,2,Database Administrator IV
Anna-diane,Berrey,aberreyhn@wufoo.com,Engineering,Livetube,2,Account Coordinator
Estell,Roder,eroderho@163.com,Human Resources,Blogspan,3,Engineer II
Bill,Ponter,bponterhp@xinhuanet.com,Sales,Oodoo,1,Marketing Assistant
Kahaleel,McOnie,kmconiehq@histats.com,Human Resources,Fatz,1,Marketing Assistant
Chelsae,Cursons,ccursonshr@github.io,Training,Youtags,1,Professor
Frasco,Addie,faddiehs@mapquest.com,Accounting,Trilia,2,Operator
Neille,Coverly,ncoverlyht@qq.com,Training,Devpoint,2,Product Engineer
Valencia,Ledbetter,vledbetterhu@disqus.com,Services,Kare,2,VP Sales
Davina,Jenny,djennyhv@arizona.edu,Human Resources,Yodoo,3,Web Developer I
Gabriele,Sehorsch,gsehorschhw@virginia.edu,Support,Kamba,1,Quality Control Specialist
Phip,Richen,prichenhx@e-recht24.de,Engineering,Gigabox,1,Senior Editor
Romeo,Urion,rurionhy@devhub.com,Accounting,Brainverse,2,Administrative Officer
Kendre,Osanne,kosannehz@vinaora.com,Business Development,Rooxo,2,Staff Scientist
Consuela,Giberd,cgiberdi0@eepurl.com,Engineering,Shufflebeat,2,Software Consultant
Karlene,Paten,kpateni1@cmu.edu,Sales,Photobug,3,Accountant III
Patsy,Doumerque,pdoumerquei2@buzzfeed.com,Sales,Feedspan,2,Professor
Liesa,Blakeney,lblakeneyi3@fda.gov,Engineering,Pixope,1,Marketing Manager
Kermy,Saddington,ksaddingtoni4@odnoklassniki.ru,Services,Gevee,3,Office Assistant I
Hedy,Lace,hlacei5@newsvine.com,Support,Realcube,1,Physical Therapy Assistant
Sibeal,Scannell,sscannelli6@123-reg.co.uk,Product Management,Zoomzone,3,Environmental Specialist
Lesley,Lamerton,llamertoni7@privacy.gov.au,Human Resources,Browsebug,3,Occupational Therapist
Ali,Teesdale,ateesdalei8@hud.gov,Human Resources,Blogpad,1,Automation Specialist IV
Nessa,Mallabon,nmallaboni9@java.com,Training,Latz,1,Professor
Kevan,Beamish,kbeamishia@histats.com,Product Management,Devpoint,2,Help Desk Operator
Weston,Mabbs,wmabbsib@gizmodo.com,Research and Development,Divape,2,Design Engineer
Norby,Skewes,nskewesic@discuz.net,Engineering,Skyba,1,Registered Nurse
Jamie,Craven,jcravenid@istockphoto.com,Human Resources,Yakijo,1,Office Assistant I
Sheppard,Larkcum,slarkcumie@ebay.co.uk,Engineering,Feedfish,2,Web Designer III
Elita,Guiso,eguisoif@ow.ly,Business Development,Miboo,1,Senior Quality Engineer
Powell,Soppeth,psoppethig@etsy.com,Accounting,Oyoba,2,Administrative Assistant III
Luciano,Gorhardt,lgorhardtih@merriam-webster.com,Training,Wikido,1,Financial Analyst
Sela,Cahen,scahenii@businessinsider.com,Research and Development,Kazu,1,Programmer Analyst II
Dael,Swinfen,dswinfenij@delicious.com,Product Management,Wikivu,3,GIS Technical Architect
Bowie,Moralis,bmoralisik@archive.org,Marketing,Katz,3,Physical Therapy Assistant
Quintana,Castellaccio,qcastellaccioil@un.org,Support,Babbleblab,1,Research Nurse
Cathyleen,Varlow,cvarlowim@cnn.com,Product Management,Blognation,1,Geological Engineer
Tomkin,Hovie,thoviein@auda.org.au,Human Resources,Youspan,2,Structural Engineer
Tera,Hatherleigh,thatherleighio@yolasite.com,Human Resources,Thoughtstorm,2,Staff Scientist
Adelbert,Exton,aextonip@bluehost.com,Human Resources,Voomm,2,General Manager
Mick,Titchener,mtitcheneriq@amazon.de,Accounting,Gabvine,2,Sales Associate
Sammie,Cordall,scordallir@state.tx.us,Human Resources,Meetz,1,Nurse
Karoly,Fantone,kfantoneis@cmu.edu,Human Resources,Pixoboo,2,Software Test Engineer I
Emanuele,Ecles,eeclesit@qq.com,Support,Youopia,1,Mechanical Systems Engineer
Trudi,Foulcher,tfoulcheriu@360.cn,Accounting,Feedfish,2,Tax Accountant
Rinaldo,Mordin,rmordiniv@illinois.edu,Training,Photolist,3,VP Marketing
Aarika,Swanton,aswantoniw@linkedin.com,Legal,Wikizz,1,Engineer III
Mariann,Lockett,mlockettix@noaa.gov,Business Development,Quinu,1,Marketing Manager
Ally,Maraga,amaragaiy@imgur.com,Legal,Rooxo,1,Statistician II
Bastien,Duckworth,bduckworthiz@dailymotion.com,Human Resources,Bluejam,1,Professor
Ginger,Jecks,gjecksj0@vk.com,Marketing,Photobean,3,Mechanical Systems Engineer
Betti,Kernan,bkernanj1@unicef.org,Legal,Devpoint,1,Junior Executive
Virgina,Davidou,vdavidouj2@google.com,Research and Development,Browseblab,3,Data Coordinator
Gill,Matushenko,gmatushenkoj3@unesco.org,Research and Development,Feedfish,2,Environmental Specialist
Geraldine,Iacoviello,giacovielloj4@google.com.br,Business Development,Twitterwire,1,Web Developer IV
Babs,Fontaine,bfontainej5@privacy.gov.au,Engineering,Mynte,2,Research Assistant IV
Gaby,D'Errico,gderricoj6@surveymonkey.com,Marketing,Demizz,3,Marketing Assistant
Lorrin,Nornable,lnornablej7@quantcast.com,Training,Ailane,3,Recruiting Manager
Yuri,Yerrall,yyerrallj8@msu.edu,Sales,Gigabox,2,Account Executive
Lyndell,Cobley,lcobleyj9@feedburner.com,Legal,Thoughtstorm,3,Chemical Engineer
Vaclav,Klicher,vklicherja@ning.com,Human Resources,Tagcat,1,Biostatistician I
Obadias,Cocci,ococcijb@gizmodo.com,Accounting,Edgeify,1,VP Marketing
Niccolo,Flather,nflatherjc@sphinn.com,Research and Development,Kazio,2,Professor
Alain,Heams,aheamsjd@nifty.com,Research and Development,Fivechat,2,Financial Advisor
Joey,Breznovic,jbreznovicje@wired.com,Training,Npath,2,Statistician II
Arnuad,Fluger,aflugerjf@lycos.com,Business Development,Gevee,2,Business Systems Development Analyst
Camala,Dumpleton,cdumpletonjg@msn.com,Services,Twinder,3,Business Systems Development Analyst
Jolynn,Terne,jternejh@wufoo.com,Training,Fivespan,2,Information Systems Manager
Jenni,Napleton,jnapletonji@aboutads.info,Support,Realmix,2,Help Desk Technician
Artair,Bretherick,abretherickjj@scribd.com,Product Management,Avaveo,1,Graphic Designer
Rafa,Cromleholme,rcromleholmejk@noaa.gov,Legal,Skippad,3,Professor
Lyell,Grigorio,lgrigoriojl@sbwire.com,Services,Oodoo,1,Quality Engineer
Pandora,Spurrier,pspurrierjm@sourceforge.net,Marketing,Tambee,3,Senior Cost Accountant
Falito,Scraney,fscraneyjn@oracle.com,Accounting,Tambee,2,Compensation Analyst
Annabal,Von Oertzen,avonoertzenjo@nih.gov,Marketing,Vidoo,3,Environmental Specialist
Kip,Scown,kscownjp@trellian.com,Accounting,Thoughtstorm,1,GIS Technical Architect
Tootsie,Mehmet,tmehmetjq@yandex.ru,Services,Mydo,2,Tax Accountant
Kellen,Dimitru,kdimitrujr@joomla.org,Business Development,Demimbu,1,Developer II
Forster,Huleatt,fhuleattjs@e-recht24.de,Engineering,Meemm,3,Geologist II
Othilie,Taysbil,otaysbiljt@psu.edu,Sales,Skaboo,2,Business Systems Development Analyst
Aloin,Mattson,amattsonju@domainmarket.com,Accounting,Lazzy,3,Internal Auditor
Lazarus,Currier,lcurrierjv@phoca.cz,Business Development,Mydo,3,Recruiter
Koo,Nekrews,knekrewsjw@clickbank.net,Training,Edgeblab,2,Recruiting Manager
Zak,Meriot,zmeriotjx@live.com,Engineering,Feedfish,3,Research Associate
Iolanthe,Stathor,istathorjy@army.mil,Research and Development,Zoomcast,3,Community Outreach Specialist
Kaile,Dri,kdrijz@ft.com,Marketing,Centimia,3,Quality Engineer
Austen,Ommundsen,aommundsenk0@patch.com,Services,Dabtype,3,Account Executive
Tonye,Rassmann,trassmannk1@tumblr.com,Business Development,Wikibox,1,Director of Sales
Artemis,Ludlam,aludlamk2@free.fr,Human Resources,Dabshots,1,Nurse
Arluene,Woodhouse,awoodhousek3@wunderground.com,Accounting,Babbleset,3,Dental Hygienist
Zea,Cripwell,zcripwellk4@tiny.cc,Marketing,Brainsphere,2,Senior Editor
Constantine,Puckrin,cpuckrink5@moonfruit.com,Services,Mynte,1,Senior Editor
Gui,Swanwick,gswanwickk6@washington.edu,Support,Abatz,2,Software Engineer II
Cathryn,Erickson,cericksonk7@ow.ly,Engineering,Mycat,3,VP Accounting
Celie,Duiguid,cduiguidk8@europa.eu,Legal,Quatz,1,Legal Assistant
Cherilyn,Renac,crenack9@umich.edu,Accounting,Babbleset,3,Environmental Tech
Donetta,Trousdale,dtrousdaleka@ning.com,Business Development,Buzzdog,1,Quality Control Specialist
Hector,Mackie,hmackiekb@economist.com,Training,Skiba,2,Nuclear Power Engineer
Sanderson,Arson,sarsonkc@cbsnews.com,Sales,Eadel,3,Structural Engineer
Richardo,McKendo,rmckendokd@youtube.com,Training,Zooxo,1,Business Systems Development Analyst
Adrianna,Zanetto,azanettoke@constantcontact.com,Marketing,Tekfly,2,Health Coach IV
Tiffy,Moncreiff,tmoncreiffkf@wordpress.org,Support,Ailane,3,Environmental Specialist
Renaldo,Llop,rllopkg@gravatar.com,Human Resources,Meeveo,1,Marketing Manager
Siobhan,Silvermann,ssilvermannkh@nba.com,Training,Teklist,3,VP Quality Control
Darcie,Dubois,dduboiski@delicious.com,Marketing,Skiba,3,Engineer IV
Edith,Elliott,eelliottkj@sitemeter.com,Services,Voonix,1,Developer III
Felipe,Heifer,fheiferkk@patch.com,Human Resources,Blogtag,3,Programmer I
Gualterio,Giovannini,ggiovanninikl@sfgate.com,Product Management,Jaloo,3,Senior Developer
Cammy,Tandey,ctandeykm@harvard.edu,Training,Twimm,2,Design Engineer
Sephira,Walesa,swalesakn@skype.com,Engineering,Browsetype,3,Account Executive
Mariquilla,Mineghelli,mmineghelliko@ca.gov,Sales,Jaxspan,3,Professor
Connor,Kerkham,ckerkhamkp@imageshack.us,Sales,Photobean,3,Database Administrator II
Cary,Merrien,cmerrienkq@guardian.co.uk,Business Development,Devpulse,3,Physical Therapy Assistant
Henri,Peacock,hpeacockkr@house.gov,Legal,Zooveo,3,Nurse
Vernor,Simonin,vsimoninks@google.com,Legal,Aimbo,1,General Manager
Orton,Alderwick,oalderwickkt@geocities.jp,Training,Jaxspan,3,Environmental Specialist
Jeffy,Leatherland,jleatherlandku@adobe.com,Support,Flipopia,1,Programmer III
Ulric,Rego,uregokv@engadget.com,Training,Bubblemix,2,Database Administrator II
Obediah,Cowup,ocowupkw@omniture.com,Legal,Bluejam,2,Technical Writer
Haily,Milroy,hmilroykx@ovh.net,Legal,Mynte,2,Assistant Media Planner
Petunia,Manhood,pmanhoodky@google.pl,Research and Development,Latz,3,Biostatistician III
Jecho,McInility,jmcinilitykz@princeton.edu,Support,Babbleset,2,Systems Administrator III
Rosemarie,Tort,rtortl0@wikimedia.org,Business Development,Centimia,3,Occupational Therapist
Abbie,Rickwood,arickwoodl1@bizjournals.com,Human Resources,Snaptags,1,Paralegal
Jodi,Lindstedt,jlindstedtl2@de.vu,Product Management,Zoombox,2,Senior Cost Accountant
Amelina,Varvell,avarvelll3@istockphoto.com,Legal,BlogXS,2,Senior Sales Associate
Katee,Piscopello,kpiscopellol4@g.co,Human Resources,Aibox,1,Senior Developer
Filippo,Habeshaw,fhabeshawl5@163.com,Marketing,Skiba,3,Statistician I
Packston,Shyre,pshyrel6@accuweather.com,Legal,Meezzy,3,Database Administrator I
Leupold,Rene,lrenel7@narod.ru,Legal,Lazz,1,Safety Technician IV
Ania,Alderwick,aalderwickl8@adobe.com,Research and Development,Fivechat,1,Marketing Manager
Orin,Von Oertzen,ovonoertzenl9@phoca.cz,Marketing,Meevee,2,Senior Cost Accountant
Freda,Jarrelt,fjarreltla@wufoo.com,Business Development,Brainverse,1,Office Assistant III
Evin,Ricards,ericardslb@cnn.com,Research and Development,Janyx,2,Staff Accountant I
Lizette,Cranmere,lcranmerelc@barnesandnoble.com,Product Management,Podcat,1,VP Marketing
Amabel,Meeke,ameekeld@opensource.org,Human Resources,Eare,1,Human Resources Manager
Gerta,Bettison,gbettisonle@goo.gl,Engineering,Oyoyo,1,Nurse
Diandra,MacColm,dmaccolmlf@ucoz.ru,Services,Tavu,1,Actuary
Valeda,Broose,vbrooselg@studiopress.com,Marketing,Wikizz,2,Teacher
Archibald,Scurrer,ascurrerlh@wikispaces.com,Human Resources,Voolith,2,Quality Engineer
Darill,Greenman,dgreenmanli@ted.com,Business Development,Thoughtstorm,2,Environmental Specialist
Kala,Tessier,ktessierlj@drupal.org,Training,Quatz,1,Geological Engineer
Bobby,Eddy,beddylk@phpbb.com,Accounting,Skivee,2,Actuary
Fran,Whitlaw,fwhitlawll@latimes.com,Support,Quinu,1,Senior Editor
Elia,Nansom,enansomlm@auda.org.au,Training,Bubblebox,3,Paralegal
Kathryne,Merali,kmeraliln@microsoft.com,Accounting,Jaxspan,1,Senior Developer
Rosanna,Robbel,rrobbello@amazon.com,Services,Fivespan,2,Nurse Practicioner
Marchelle,Tewnion,mtewnionlp@reference.com,Support,Skimia,1,Marketing Assistant
Hestia,Neissen,hneissenlq@unesco.org,Marketing,Meejo,1,VP Accounting
Allister,Najafian,anajafianlr@vistaprint.com,Sales,Gabtune,3,Speech Pathologist
Brandy,Coneau,bconeauls@yandex.ru,Training,Topicstorm,2,Analyst Programmer
Lucilia,Draaisma,ldraaismalt@sbwire.com,Engineering,Aivee,2,Legal Assistant
Ewen,Brach,ebrachlu@fda.gov,Accounting,Vimbo,3,Human Resources Assistant IV
Ettie,Chatainier,echatainierlv@youtube.com,Engineering,Yamia,3,Occupational Therapist
Cicely,Salle,csallelw@icio.us,Support,Riffpedia,1,Graphic Designer
Jerald,Ravillas,jravillaslx@cyberchimps.com,Research and Development,Skinder,1,Mechanical Systems Engineer
Elle,Vaudrey,evaudreyly@salon.com,Training,LiveZ,2,Web Developer III
Spencer,O'Noulane,sonoulanelz@friendfeed.com,Product Management,Dabvine,3,Graphic Designer
Julina,Belk,jbelkm0@wired.com,Legal,Oyoba,3,Teacher
Victor,Dobeson,vdobesonm1@com.com,Product Management,Skynoodle,3,Quality Engineer
Maximilien,Illston,millstonm2@ox.ac.uk,Engineering,Browsedrive,1,Chemical Engineer
Teodoor,Luten,tlutenm3@princeton.edu,Support,Skajo,1,Administrative Officer
Dorree,Ferens,dferensm4@cornell.edu,Human Resources,Twitternation,2,Mechanical Systems Engineer
Retha,MacGiolla Pheadair,rmacgiollapheadairm5@nymag.com,Business Development,Fliptune,1,Account Coordinator
Waylen,McKaile,wmckailem6@ebay.com,Accounting,Devcast,2,Associate Professor
Montgomery,Critchlow,mcritchlowm7@usda.gov,Research and Development,Realcube,2,Senior Cost Accountant
Stephannie,Janman,sjanmanm8@wikispaces.com,Marketing,Tagfeed,1,Senior Quality Engineer
Fabien,Howship,fhowshipm9@cdbaby.com,Sales,Meemm,1,Accounting Assistant IV
Reggis,Robison,rrobisonma@trellian.com,Legal,Bluezoom,1,Clinical Specialist
Shayne,Klauer,sklauermb@soup.io,Support,Quimba,2,Financial Advisor
Tilly,Keddle,tkeddlemc@youtu.be,Engineering,Vidoo,2,Assistant Media Planner
Charlton,Ebertz,cebertzmd@hexun.com,Human Resources,Rhybox,1,Account Coordinator
Bianca,Baily,bbailyme@google.com.br,Training,Rhycero,2,Graphic Designer
Dulci,Kettlestring,dkettlestringmf@theatlantic.com,Legal,Rhynoodle,2,Analog Circuit Design manager
Nicoli,Spowage,nspowagemg@google.com,Training,Oyondu,3,Occupational Therapist
Sheilakathryn,Moakler,smoaklermh@jigsy.com,Research and Development,Geba,3,Environmental Specialist
Eada,Lippi,elippimi@bbc.co.uk,Product Management,Meemm,2,Staff Accountant I
Jeana,Pauley,jpauleymj@china.com.cn,Services,Kwimbee,1,Speech Pathologist
Marcel,Harwick,mharwickmk@purevolume.com,Services,Thoughtworks,1,Clinical Specialist
Phillipe,Kirgan,pkirganml@digg.com,Research and Development,Tagfeed,2,Operator
Ronnica,Cressy,rcressymm@flavors.me,Legal,Aimbu,1,Senior Sales Associate
La verne,Rizzotto,lrizzottomn@ucoz.ru,Engineering,Edgewire,2,Desktop Support Technician
Yoshiko,Belli,ybellimo@linkedin.com,Human Resources,Browsetype,2,VP Accounting
Jeffie,Dysart,jdysartmp@house.gov,Human Resources,Dabshots,3,Product Engineer
Shelli,Origin,soriginmq@mail.ru,Research and Development,Wikizz,2,Budget/Accounting Analyst IV
Anders,Fishly,afishlymr@businessinsider.com,Business Development,Bubbletube,1,Recruiter
Alisa,Matantsev,amatantsevms@altervista.org,Product Management,Demizz,3,Accountant II
Veda,O'Fallowne,vofallownemt@usatoday.com,Sales,Browseblab,1,Nurse
Marjy,Tilbey,mtilbeymu@a8.net,Research and Development,Meevee,3,Geologist II
Gypsy,Ruter,grutermv@woothemes.com,Research and Development,Feedbug,3,Human Resources Assistant IV
Hort,Crunkhurn,hcrunkhurnmw@ustream.tv,Product Management,Voonix,3,Financial Analyst
Bud,Benmore,bbenmoremx@dion.ne.jp,Engineering,Yambee,1,Actuary
Milzie,Schwandt,mschwandtmy@abc.net.au,Research and Development,Twitternation,2,Social Worker
Jena,Clampett,jclampettmz@reverbnation.com,Legal,Jatri,3,Social Worker
Natividad,Petley,npetleyn0@businessweek.com,Business Development,Flipopia,3,Project Manager
Dill,Pavy,dpavyn1@4shared.com,Support,Demivee,1,Human Resources Assistant II
Gayel,Prose,gprosen2@pcworld.com,Legal,Yamia,3,Health Coach IV
Lanny,Arrandale,larrandalen3@deliciousdays.com,Sales,Topiclounge,2,Nurse
Darelle,Flea,dflean4@cbc.ca,Training,Devshare,3,Senior Developer
Rowan,Joyce,rjoycen5@prweb.com,Human Resources,Tagfeed,2,Environmental Tech
Cher,Jocic,cjocicn6@weibo.com,Business Development,Realmix,1,Programmer IV
Glendon,Canario,gcanarion7@icio.us,Services,Photolist,1,Geologist I
Siana,Finch,sfinchn8@imdb.com,Research and Development,Gabtune,1,Chief Design Engineer
Cleveland,Chrishop,cchrishopn9@theguardian.com,Services,Kazu,2,Clinical Specialist
Silas,Bartleman,sbartlemanna@baidu.com,Accounting,Buzzbean,3,Analog Circuit Design manager
Berny,Perrelli,bperrellinb@nyu.edu,Support,Geba,1,Web Designer IV
Brooks,Osment,bosmentnc@intel.com,Sales,Skivee,1,Financial Advisor
Finlay,Menci,fmencind@posterous.com,Support,Teklist,2,Information Systems Manager
Avigdor,Doeg,adoegne@forbes.com,Legal,Edgewire,3,Design Engineer
Davin,O'Docherty,dodochertynf@google.nl,Training,Roomm,1,Help Desk Operator
Abby,Gretham,agrethamng@wikia.com,Engineering,Riffwire,2,Desktop Support Technician
Gabriello,Gowers,ggowersnh@google.co.jp,Human Resources,Avavee,3,Food Chemist
Kennan,Oman,komanni@nature.com,Support,Jaxworks,3,Accounting Assistant I
Ikey,Sebright,isebrightnj@slate.com,Marketing,Aimbu,1,Research Nurse
Coleman,Andras,candrasnk@amazon.co.uk,Accounting,Zooxo,1,Community Outreach Specialist
Julee,Schankelborg,jschankelborgnl@huffingtonpost.com,Support,Wikizz,2,Marketing Manager
Huntley,Tanby,htanbynm@over-blog.com,Human Resources,Jayo,2,Actuary
Doreen,Ducket,dducketnn@cam.ac.uk,Marketing,Jabbersphere,3,General Manager
Cristionna,Chritchley,cchritchleyno@privacy.gov.au,Services,Oyonder,1,Civil Engineer
Carolee,Adamiec,cadamiecnp@xinhuanet.com,Engineering,Feedbug,3,Senior Cost Accountant
Jacquelyn,Edwicke,jedwickenq@diigo.com,Marketing,Quinu,1,Programmer I
Bancroft,Routh,brouthnr@java.com,Research and Development,Gigashots,1,VP Sales
Conroy,Heibl,cheiblns@nih.gov,Support,Realcube,3,Community Outreach Specialist
Bruno,Emm,bemmnt@cbc.ca,Business Development,Bubblebox,1,Speech Pathologist
Judie,Clackson,jclacksonnu@cbsnews.com,Legal,Jabberstorm,1,Developer III
Ninette,Birkby,nbirkbynv@engadget.com,Legal,Blogspan,3,Automation Specialist II
Kippie,Bleasdille,kbleasdillenw@yellowpages.com,Human Resources,Skinix,1,Account Coordinator
Nani,O'Suaird,nosuairdnx@latimes.com,Marketing,Fliptune,1,Food Chemist
Vilhelmina,Nicholas,vnicholasny@a8.net,Marketing,Wikizz,1,Editor
Paulo,Sidon,psidonnz@unicef.org,Services,LiveZ,2,Computer Systems Analyst IV
Golda,Celez,gcelezo0@csmonitor.com,Sales,Tagopia,2,Recruiter
Gasparo,Cariss,gcarisso1@artisteer.com,Business Development,Trudoo,1,Web Designer IV
Alex,Moxham,amoxhamo2@home.pl,Sales,Katz,3,Chief Design Engineer
Elisabeth,Farrants,efarrantso3@amazon.co.uk,Support,Fadeo,1,Internal Auditor
Gibbie,Stuttard,gstuttardo4@slate.com,Research and Development,Myworks,3,Technical Writer
Ty,Lissenden,tlissendeno5@mit.edu,Business Development,Trilith,3,Pharmacist
Adena,Keetch,akeetcho6@ask.com,Engineering,Devpulse,3,Dental Hygienist
Forbes,Jearum,fjearumo7@jugem.jp,Business Development,Innojam,2,Civil Engineer
Piper,Ferenczi,pferenczio8@myspace.com,Marketing,Centimia,1,Research Associate
Felice,Petrou,fpetrouo9@symantec.com,Marketing,Fivechat,1,Geological Engineer
Alexandrina,Finkle,afinkleoa@stanford.edu,Human Resources,Youbridge,1,Operator
Fraser,Virgin,fvirginob@google.co.jp,Marketing,Teklist,1,Web Developer I
Lavina,Kirkby,lkirkbyoc@dagondesign.com,Business Development,Zazio,3,Recruiter
Pernell,Holyland,pholylandod@google.co.uk,Legal,Blogpad,1,Recruiter
Clifford,Muirhead,cmuirheadoe@pagesperso-orange.fr,Business Development,Meevee,2,Physical Therapy Assistant
Terrill,Gannan,tgannanof@google.com.au,Engineering,Centidel,2,Safety Technician II
Lishe,Cometti,lcomettiog@adobe.com,Research and Development,Yacero,3,Senior Financial Analyst
Rhys,Abilowitz,rabilowitzoh@mediafire.com,Training,Twitterworks,1,Mechanical Systems Engineer
Elvyn,Sheaber,esheaberoi@bbb.org,Product Management,Cogidoo,2,VP Sales
Maury,Romei,mromeioj@hud.gov,Product Management,Flipbug,3,Engineer II
Anthia,Padberry,apadberryok@home.pl,Accounting,Muxo,2,Executive Secretary
Laurel,Schubbert,lschubbertol@time.com,Sales,Skinte,2,Senior Quality Engineer
Kimmi,Gartenfeld,kgartenfeldom@4shared.com,Accounting,Pixope,1,Software Engineer I
Catlin,Elgey,celgeyon@phoca.cz,Legal,Mymm,1,Health Coach II
Timotheus,Gouth,tgouthoo@altervista.org,Support,Avaveo,1,Developer IV
Stephine,Hruska,shruskaop@smugmug.com,Accounting,Vinder,3,Nuclear Power Engineer
Sammy,Charpling,scharplingoq@utexas.edu,Support,Livepath,3,Administrative Officer
Ursula,Sheaber,usheaberor@yolasite.com,Business Development,Linkbuzz,3,Senior Sales Associate
Sigmund,Bothwell,sbothwellos@furl.net,Services,Pixope,3,Human Resources Assistant I
Fairfax,Humphery,fhumpheryot@narod.ru,Support,Eire,2,GIS Technical Architect
Michele,Haggart,mhaggartou@w3.org,Human Resources,Oodoo,2,Account Representative I
Chucho,Sally,csallyov@jimdo.com,Marketing,Gabtune,1,Compensation Analyst
Silvie,Sime,ssimeow@nyu.edu,Business Development,Shufflester,1,Chemical Engineer
Berkley,Rainforth,brainforthox@edublogs.org,Human Resources,Riffpath,1,Operator
Devlin,Thackston,dthackstonoy@friendfeed.com,Training,Jayo,1,Chief Design Engineer
Phylys,Neachell,pneachelloz@baidu.com,Legal,Divanoodle,1,Occupational Therapist
Janela,Hemphall,jhemphallp0@quantcast.com,Human Resources,Shufflebeat,1,Compensation Analyst
Gerrard,Soggee,gsoggeep1@godaddy.com,Human Resources,Browsetype,1,Legal Assistant
Arne,Stack,astackp2@bbb.org,Business Development,Divape,1,Data Coordinator
Katrinka,Stanway,kstanwayp3@theguardian.com,Training,Jazzy,1,General Manager
Dore,Balsdon,dbalsdonp4@deviantart.com,Services,Tagpad,2,Budget/Accounting Analyst II
Heddie,Vertey,hverteyp5@nature.com,Accounting,Minyx,2,Staff Scientist
Juieta,De la Eglise,jdelaeglisep6@sitemeter.com,Product Management,Bluejam,3,Environmental Tech
Claudius,Plascott,cplascottp7@uol.com.br,Sales,Meevee,3,Web Designer III
Georg,Wharf,gwharfp8@mysql.com,Training,Riffpath,1,Associate Professor
Jere,Walklett,jwalklettp9@npr.org,Human Resources,Demivee,1,Actuary
Osmund,Ponten,opontenpa@github.com,Training,Photobean,1,Health Coach II
Valdemar,Openshaw,vopenshawpb@jugem.jp,Services,Kwilith,1,Legal Assistant
Lenka,Trussell,ltrussellpc@google.it,Support,Plambee,3,Computer Systems Analyst IV
Marylin,Patroni,mpatronipd@privacy.gov.au,Services,Yata,2,Help Desk Technician
Deloria,Baudin,dbaudinpe@skyrock.com,Marketing,Kazio,2,Teacher
Felipa,Yakubowicz,fyakubowiczpf@netvibes.com,Product Management,Dynazzy,2,Sales Representative
Morse,Brettel,mbrettelpg@reference.com,Services,Zooxo,3,Social Worker
Nappie,Beedom,nbeedomph@nature.com,Research and Development,Gabtune,1,Actuary
Glenda,Capener,gcapenerpi@jimdo.com,Services,Tekfly,2,Research Assistant IV
Brandy,Arlidge,barlidgepj@wordpress.com,Services,Skiptube,2,Marketing Manager
Hadria,Stoeck,hstoeckpk@flickr.com,Business Development,Skyble,1,Information Systems Manager
Mufi,Ranson,mransonpl@home.pl,Support,Jamia,1,Paralegal
Gaylord,McCorkell,gmccorkellpm@mayoclinic.com,Accounting,Bubblebox,3,Paralegal
Gilbertina,Buntine,gbuntinepn@list-manage.com,Accounting,Jabberstorm,1,Systems Administrator II
Elise,Halden,ehaldenpo@biglobe.ne.jp,Sales,Yambee,1,Executive Secretary
Eada,Puckinghorne,epuckinghornepp@elegantthemes.com,Business Development,Twitterworks,2,VP Accounting
Joscelin,Leahy,jleahypq@purevolume.com,Support,Ainyx,2,Chief Design Engineer
Joseph,Colclough,jcolcloughpr@whitehouse.gov,Accounting,Brainbox,3,Geological Engineer
Durand,Trebilcock,dtrebilcockps@fc2.com,Product Management,Skippad,3,Software Engineer IV
Mohandis,Crawforth,mcrawforthpt@state.tx.us,Accounting,Aimbu,1,VP Product Management
Keelby,Belliss,kbellisspu@ebay.co.uk,Marketing,Lazzy,1,Pharmacist
Roda,Laughnan,rlaughnanpv@arizona.edu,Business Development,Shufflester,2,Nuclear Power Engineer
Dagny,Childes,dchildespw@360.cn,Marketing,Muxo,2,Desktop Support Technician
Amaleta,Knapman,aknapmanpx@businesswire.com,Training,Dynabox,3,Financial Advisor
Jedd,Papez,jpapezpy@aboutads.info,Product Management,Dynabox,1,Administrative Assistant IV
Wilhelmine,Tames,wtamespz@illinois.edu,Training,Brightbean,2,Recruiter
Lind,Shawcroft,lshawcroftq0@dion.ne.jp,Research and Development,Topicware,1,Software Test Engineer I
Sibley,Whenman,swhenmanq1@etsy.com,Research and Development,Agivu,1,Recruiter
Raine,Trenaman,rtrenamanq2@desdev.cn,Business Development,Devify,3,Research Assistant I
Jo-ann,Hammon,jhammonq3@wp.com,Legal,Lazz,1,Social Worker
Reg,Yakunchikov,ryakunchikovq4@wp.com,Human Resources,Edgeify,1,Financial Advisor
Arvie,Brosini,abrosiniq5@cbslocal.com,Support,Oyonder,2,Health Coach II
Tine,Woods,twoodsq6@lulu.com,Marketing,Shuffletag,1,Tax Accountant
Fonz,Sharply,fsharplyq7@hibu.com,Marketing,Tazz,2,Legal Assistant
Loria,Trethowan,ltrethowanq8@odnoklassniki.ru,Marketing,Yamia,3,VP Product Management
Ganny,Currell,gcurrellq9@springer.com,Legal,Fanoodle,2,Payment Adjustment Coordinator
Vaughan,Orred,vorredqa@auda.org.au,Training,Edgewire,2,Nurse Practicioner
Maritsa,Rawlison,mrawlisonqb@de.vu,Human Resources,Meezzy,2,Recruiter
Damon,Senn,dsennqc@naver.com,Legal,Yambee,1,Clinical Specialist
Olav,Phetteplace,ophetteplaceqd@so-net.ne.jp,Human Resources,Browsetype,2,Programmer II
Garland,Bromet,gbrometqe@redcross.org,Sales,Browsezoom,1,Senior Financial Analyst
Brade,Necolds,bnecoldsqf@engadget.com,Business Development,Vitz,3,Structural Engineer
Sonia,Dancey,sdanceyqg@i2i.jp,Training,Wordtune,1,Food Chemist
Krystle,Leonards,kleonardsqh@pcworld.com,Legal,Aimbu,2,Chief Design Engineer
Francisco,Olenikov,folenikovqi@squidoo.com,Business Development,Skyble,1,Data Coordinator
Otis,Arkle,oarkleqj@techcrunch.com,Legal,Skaboo,3,Account Coordinator
Gusta,Barltrop,gbarltropqk@fc2.com,Legal,Skynoodle,3,Internal Auditor
Kristina,Napleton,knapletonql@telegraph.co.uk,Business Development,Mynte,1,Paralegal
Cherin,Langsdon,clangsdonqm@ezinearticles.com,Sales,Thoughtmix,3,Database Administrator I
Drusi,Starkings,dstarkingsqn@smugmug.com,Engineering,Buzzbean,1,Staff Accountant I
Leora,Houston,lhoustonqo@xing.com,Product Management,Fivespan,2,Design Engineer
Cathryn,Hanmer,chanmerqp@homestead.com,Business Development,Roodel,3,Assistant Media Planner
Clim,Brandreth,cbrandrethqq@nifty.com,Training,Tazz,1,Help Desk Technician
Mac,Arnowitz,marnowitzqr@aboutads.info,Product Management,Shuffledrive,3,Web Developer IV
Pate,Penwright,ppenwrightqs@jiathis.com,Business Development,Skipstorm,3,Desktop Support Technician
Eddi,Epinay,eepinayqt@1688.com,Human Resources,Quimm,1,Programmer Analyst IV
Lukas,Paszek,lpaszekqu@salon.com,Sales,Babblestorm,3,Paralegal
Horton,Greener,hgreenerqv@furl.net,Marketing,Tagpad,2,Software Test Engineer I
Fidel,Burtonshaw,fburtonshawqw@yale.edu,Legal,Jamia,3,VP Sales
Hesther,Overil,hoverilqx@studiopress.com,Accounting,Leenti,1,Account Executive
Benjamin,Henriet,bhenrietqy@washington.edu,Accounting,Blogtags,1,Web Designer IV
Rouvin,Labuschagne,rlabuschagneqz@google.ru,Legal,Pixoboo,3,Account Executive
Donall,Rieflin,drieflinr0@paginegialle.it,Services,Oyoba,2,Senior Cost Accountant
Kimbell,Limbrick,klimbrickr1@twitpic.com,Sales,Eazzy,3,Research Nurse
Dell,Bollard,dbollardr2@ucoz.com,Product Management,Shuffletag,1,VP Quality Control
Brynna,Searsby,bsearsbyr3@ucoz.com,Sales,Meezzy,3,Assistant Manager
Rodolfo,Willatts,rwillattsr4@wikimedia.org,Engineering,Plambee,1,VP Product Management
Hall,Dran,hdranr5@bing.com,Support,Rhynoodle,1,Financial Advisor
Sybila,Jagger,sjaggerr6@goo.gl,Accounting,Cogidoo,2,Payment Adjustment Coordinator
Gorden,Amaya,gamayar7@rediff.com,Marketing,Yombu,3,Product Engineer
Rene,Adamski,radamskir8@icio.us,Marketing,Edgewire,1,Pharmacist
Hymie,Stockow,hstockowr9@ed.gov,Human Resources,Nlounge,3,Pharmacist
Adan,Cund,acundra@amazon.de,Services,Innojam,3,Senior Quality Engineer
Mathilde,Schohier,mschohierrb@yelp.com,Accounting,Yodel,1,Project Manager
Muriel,Wheelwright,mwheelwrightrc@e-recht24.de,Support,Blogtag,3,Software Engineer II
Candra,McMonnies,cmcmonniesrd@mashable.com,Legal,Fanoodle,3,VP Accounting
Melitta,Laurisch,mlaurischre@webnode.com,Sales,Quimba,1,Human Resources Manager
Monika,Ipplett,mipplettrf@deviantart.com,Sales,Linkbuzz,3,Web Designer I
Dorolisa,MacGibbon,dmacgibbonrg@naver.com,Human Resources,Topicblab,2,Design Engineer
Floyd,Hallet,fhalletrh@amazon.co.uk,Training,Skinder,1,Media Manager I
Latia,Olensby,lolensbyri@samsung.com,Business Development,Demizz,3,Environmental Tech
Christalle,Sancho,csanchorj@wikimedia.org,Engineering,Oyoba,3,Assistant Professor
Babbie,Reck,breckrk@ocn.ne.jp,Sales,Oloo,1,Compensation Analyst
Audre,Kabos,akabosrl@economist.com,Sales,Innotype,2,Cost Accountant
Cinderella,Lenihan,clenihanrm@statcounter.com,Product Management,Minyx,1,Statistician II
Jeanie,Cozens,jcozensrn@mapquest.com,Accounting,Janyx,2,Health Coach III
Johannah,Snepp,jsneppro@google.es,Services,Mydeo,1,Account Representative IV
Winifred,Ivakhin,wivakhinrp@hatena.ne.jp,Research and Development,Meezzy,1,Help Desk Technician
Ysabel,Meeks,ymeeksrq@pen.io,Engineering,Shuffletag,2,VP Accounting
Garwood,Stanbury,gstanburyrr@mapquest.com,Sales,Bluejam,2,Environmental Specialist
